,interia
0,"https://zielona.interia.pl/klimat/news-usuniecie-co2-z-powietrza-konieczne-do-zatrzymania-ociepleni,nId,5881598"
1,"https://zielona.interia.pl/klimat/news-dzien-kobiet-2022-zmiany-klimatu-nie-uderzaja-po-rowno-kobie,nId,5879269"
2,"https://zielona.interia.pl/klimat/news-rada-klimatyczna-katastrofalne-ulewy-w-australii-to-wina-zmi,nId,5877276"
3,"https://zielona.interia.pl/news-ulewy-w-australii-zabily-15-osob-premier-winna-jest-zmiana-k,nId,5871680"
4,"https://zielona.interia.pl/news-krakow-pierwszym-miastem-ze-strefa-czystego-transportu-jeszc,nId,5871379"
5,"https://zielona.interia.pl/news-lwy-i-tygrysy-z-kijowskiego-zoo-jada-do-poznania-dyrektorka-,nId,5869454"
6,"https://zielona.interia.pl/polityka-klimatyczna/news-onz-chce-rozprawic-sie-z-plastikiem-to-krok-milowy-w-walce-o,nId,5869432"
7,"https://zielona.interia.pl/polityka-klimatyczna/news-oto-jak-unia-europejska-chce-odciac-sie-od-rosyjskiego-gazu,nId,5867377"
8,"https://zielona.interia.pl/klimat/news-karny-kopciuch-tu-mozesz-naskarzyc-na-sasiada-ktory-dymi,nId,5865828"
9,"https://zielona.interia.pl/polityka-klimatyczna/news-trzeba-wstrzymac-import-surowcow-z-rosji-putin-nie-zatrzyma-,nId,5865272"
10,"https://zielona.interia.pl/klimat/news-problem-zagrazajacy-bezpieczenstwu-na-rowni-z-wojna-apel-cze,nId,5863584"
11,"https://zielona.interia.pl/klimat/news-ukryte-zanieczyszczenia-przemysl-paliw-kopalnych-emituje-o-7,nId,5863571"
12,"https://zielona.interia.pl/klimat/news-polscy-naukowcy-o-raporcie-ipcc-nie-mozemy-czekac-na-katastr,nId,5861379"
13,"https://zielona.interia.pl/polityka-klimatyczna/news-koalicja-klimatyczna-polska-powinna-przestac-kupowac-wegiel-,nId,5860967"
14,"https://zielona.interia.pl/klimat/news-nowy-raport-ipcc-pokazuje-katastrofalne-skutki-zmian-klimatu,nId,5860785"
15,"https://zielona.interia.pl/klimat/news-naukowiec-z-ukrainy-ciezko-jest-teraz-rozmawiac-o-klimacie,nId,5860589"
16,"https://zielona.interia.pl/klimat/news-zyzna-gleba-zmienia-sie-w-pustynie-zlowrogie-zjawisko-w-euro,nId,5857342"
17,"https://zielona.interia.pl/klimat/news-orkan-zbyt-silny-dla-polskich-wiatrakow-rekordow-nie-bylo,nId,5853369"
18,"https://zielona.interia.pl/klimat/news-wichury-w-polsce-orkan-nie-jest-wyjatkiem-bedzie-nas-nekac-c,nId,5851206"
19,"https://zielona.interia.pl/klimat/news-polske-czekaja-rekordowe-upaly-bedzie-juz-tylko-cieplej-powo,nId,5850773"
20,"https://zielona.interia.pl/klimat/news-przez-globalne-ocieplenie-moze-zrobic-sie-bardzo-zimno-polsk,nId,5850876"
21,"https://zielona.interia.pl/klimat/news-powodzie-byly-i-beda-zawsze-ale-przez-zmiany-klimatu-bedzie-,nId,5850897"
22,"https://zielona.interia.pl/klimat/news-susza-w-polsce-to-juz-normalnosc-przygotujmy-sie-na-coraz-dr,nId,5850871"
23,"https://zielona.interia.pl/aktualnosci/news-plastik-z-pandemii-zalewa-swiat-odpady-medyczne-to-spory-pro,nId,5805809"
24,"https://zielona.interia.pl/klimat/news-morze-podnosi-sie-juz-od-1863-r-nowe-badanie-wskazuje-ze-sku,nId,5846461"
25,"https://zielona.interia.pl/klimat/news-na-antarktydzie-kwitnie-coraz-wiecej-roslin-to-przez-zmiany-,nId,5844543"
26,"https://zielona.interia.pl/klimat/news-czy-zmiany-klimatu-przyniosa-nowe-pandemie-badania-trwaja,nId,5844401"
27,"https://zielona.interia.pl/klimat/news-orkan-eunice-pobil-rekord-predkosci-prawie-200-km-h,nId,5842867"
28,"https://zielona.interia.pl/klimat/news-najgorsza-susza-od-1200-lat-zachodnie-stany-usa-zmieniaja-si,nId,5841415"
29,"https://zielona.interia.pl/klimat/news-naukowcy-przewidzieli-100-tys-wersji-przyszlosci-od-nas-zale,nId,5841414"
30,"https://zielona.interia.pl/polityka-klimatyczna/swiat/news-unia-europejska-emituje-wiecej-co2-polska-wykorzystala-kryzy,nId,5840863"
31,"https://zielona.interia.pl/klimat/news-firmy-szkodzace-srodowisku-dostaja-co-roku-1-8-bln-dolarow,nId,5840505"
32,"https://zielona.interia.pl/klimat/news-marek-suski-laureatem-nagrody-za-klimatyczna-bzdure-roku,nId,5838909"
33,"https://zielona.interia.pl/klimat/news-zmiany-klimatu-grozne-dla-kotow-udary-cieplne-i-choroby,nId,5836731"
34,"https://zielona.interia.pl/klimat/news-banki-pomimo-proklimatycznych-obietnic-wspieraja-miliardami-,nId,5834612"
35,"https://zielona.interia.pl/klimat/news-nadchodzi-nowy-raport-ipcc-koszmar-namalowany-suchym-jezykie,nId,5834565"
36,"https://zielona.interia.pl/klimat/news-atlas-miesa-2022-hodowla-zwierzat-musi-sie-zmienic-jesli-mam,nId,5834497"
37,"https://zielona.interia.pl/klimat/news-koty-i-inne-male-zwierzeta-domowe-coraz-bardziej-narazone-na,nId,5834081"
38,"https://zielona.interia.pl/klimat/news-nowa-nadzieja-dla-klimatu-badanie-pokazuje-ze-mozemy-jeszcze,nId,5832243"
39,"https://zielona.interia.pl/klimat/news-prawdziwy-koszt-walentynek-to-swieto-nie-sprzyja-dobru-srodo,nId,5831845"
40,"https://zielona.interia.pl/klimat/news-zmiany-klimatu-pogrzebia-nie-tylko-przyszlosc-ale-i-przeszlo,nId,5829947"
41,"https://zielona.interia.pl/klimat/news-rekordowe-wylesienie-amazonii-w-styczniu,nId,5828170"
42,"https://zielona.interia.pl/klimat/news-fale-upalow-wzmocnione-przez-zmiane-klimatu-beda-najmocniej-,nId,5828142"
43,"https://zielona.interia.pl/klimat/news-wielka-moc-zapomnianych-roslin-straczkowych-moga-zlikwidowac,nId,5828134"
44,"https://zielona.interia.pl/klimat/news-wielki-koniec-ogromnej-gory-lodowej-umierajaca-lodowa-wyspa-,nId,5818520"
45,"https://zielona.interia.pl/przyroda/news-plastik-jest-juz-wszedzie-dotarl-nawet-do-oceanicznych-glebi,nId,5816853"
46,"https://zielona.interia.pl/klimat/news-az-400-rekordow-temperatury-w-2021-r-najwyzsze-w-historii-po,nId,5807976"
47,"https://zielona.interia.pl/przyroda/news-drzew-jest-wiecej-niz-myslelismy-ale-to-nie-powod-do-radosci,nId,5805986"
48,"https://zielona.interia.pl/eko-technologie/news-sztuczny-lisc-pochlania-co2-rekordowo-szybko-to-nie-wszystko,nId,5803866"
49,"https://zielona.interia.pl/news-burza-nad-arktyka-dramatyczny-wzrost-liczby-blyskawic-niepok,nId,5801832"
50,"https://zielona.interia.pl/klimat/news-klimatyczne-kataklizmy-niszcza-nasze-zdrowie-psychiczne,nId,5798344"
51,"https://zielona.interia.pl/klimat/news-zmienna-moda-podpala-swiat-czy-da-sie-sprawic-zeby-nie-szkod,nId,5796381"
52,"https://zielona.interia.pl/klimat/news-pozary-lasow-zabijaja-setki-kilometrow-dalej-ekstremalne-zan,nId,5771494"
53,"https://zielona.interia.pl/klimat/news-wakacje-dla-planety-jak-cieszyc-sie-przyroda-nie-przyczyniaj,nId,5793955"
54,"https://zielona.interia.pl/klimat/news-zadbaj-o-linie-portfel-i-planete-najwiecej-dla-ziemi-zrobisz,nId,5793707"
55,"https://zielona.interia.pl/klimat/news-ograniczanie-odpadow-to-juz-koniecznosc-oto-kilka-prostych-r,nId,5793669"
56,"https://zielona.interia.pl/klimat/news-dziewicza-rafa-koralowa-odkryta-u-wybrzezy-tahiti,nId,5789308"
57,"https://zielona.interia.pl/klimat/news-polscy-sadownicy-juz-odczuwaja-skutki-zmian-klimatu,nId,5789085"
58,"https://zielona.interia.pl/klimat/news-kryzys-klimatyczny-zabija-rosliny-znikajace-migrujace-zwierz,nId,5783791"
59,"https://zielona.interia.pl/podcast/news-przemyslaw-bialkowski-podcast-lek-klimatyczny,nId,5779319"
60,"https://zielona.interia.pl/klimat/news-plastik-grozny-jak-globalne-ocieplenie-ekolodzy-chca-traktat,nId,5781703"
61,"https://zielona.interia.pl/klimat/news-wielkie-wymieranie-numer-szesc-czego-mozemy-nauczyc-sie-z-po,nId,5779370"
62,"https://zielona.interia.pl/klimat/news-przedwczesne-porody-i-ciezko-chore-niemowleta-niszczycielski,nId,5779091"
63,"https://zielona.interia.pl/klimat/news-przyciemnienie-slonca-moze-byc-fatalne-w-skutkach-badacze-ap,nId,5779077"
64,"https://zielona.interia.pl/klimat/news-trwa-szoste-wielkie-wymieranie-naukowcy-potwierdzili-planeta,nId,5776738"
65,"https://zielona.interia.pl/klimat/news-miniony-rok-byl-nieco-chlodniejszy-od-2020-naukowcy-uprzedza,nId,5774492"
66,"https://zielona.interia.pl/klimat/news-jedna-transakcja-bitcoinem-ma-taka-sama-emisje-jak-gospodars,nId,5774470"
67,"https://zielona.interia.pl/aktualnosci/news-oceany-w-2021-r-byly-najcieplejsze-w-historii-pomiarow,nId,5769665"
68,"https://zielona.interia.pl/klimat/news-ostatnich-7-lat-bylo-najcieplejsze-w-historii-musimy-zmienic,nId,5762590"
69,"https://zielona.interia.pl/polityka-klimatyczna/news-holandia-zapowiada-osiagniecie-neutralnosci-klimatycznej-do-,nId,5762528"
70,"https://zielona.interia.pl/klimat/news-gaz-bojowy-niemal-zniszczyl-zycie-na-ziemi-chemiczna-tajemni,nId,5760211"
71,"https://zielona.interia.pl/klimat/news-giganci-paliwowi-masowo-wykupuja-reklamy-w-google-zwiazane-z,nId,5758373"
72,"https://zielona.interia.pl/klimat/news-jarocin-kupil-oczyszczacze-powietrza-dla-przedszkoli,nId,5758335"
73,"https://zielona.interia.pl/klimat/news-katastrofa-klimatyczna-juz-tu-jest-80-proc-amerykanow-odczul,nId,5756765"
74,"https://zielona.interia.pl/klimat/news-na-czesc-aktora-leonardo-dicaprio-nazwano-nowy-gatunek-drzew,nId,5754910"
75,"https://zielona.interia.pl/eko-technologie/energetyka/news-jak-wydluzyc-zycie-polek-i-polakow-wystarczy-odejsc-od-wegla,nId,5751437"
76,"https://zielona.interia.pl/klimat/news-zielona-turystyka-zwiedzanie-swiata-moze-byc-przyjazne-dla-p,nId,5751171"
77,"https://zielona.interia.pl/klimat/news-kuny-tyja-przez-zmiany-klimatu,nId,5748759"
78,"https://zielona.interia.pl/klimat/news-glony-beda-oczyszczac-powietrze-w-hiszpanii,nId,5748669"
79,"https://zielona.interia.pl/klimat/news-zeroemisyjnosc-netto-do-2050-roku-wlk-brytania-moze-nie-spel,nId,5746715"
80,"https://zielona.interia.pl/klimat/news-naukowcy-odkryli-niespodziewane-formy-zycia-pod-antarktyczny,nId,5746666"
81,"https://zielona.interia.pl/przyroda/news-najciekawsze-zdjecia-przyrodnicze-2021-zmiany-klimatu-to-cod,nId,5739338"
82,"https://zielona.interia.pl/klimat/news-przemyslaw-bialkowski-podcast-budynki-z-drewna,nId,5735114"
83,"https://zielona.interia.pl/klimat/news-niemcy-nie-osiagna-celow-klimatycznych-na-kolejne-dwa-lata,nId,5741798"
84,"https://zielona.interia.pl/klimat/news-pozary-w-usa-ewakuowano-kilkadziesiat-tysiecy-osob,nId,5741729"
85,"https://zielona.interia.pl/klimat/news-alaska-doswiadczyla-w-grudniu-rekordowo-wysokich-temperatur,nId,5739417"
86,"https://zielona.interia.pl/eko-technologie/news-rewolucje-w-ochronie-srodowiska-kiedy-ekologia-spotyka-techn,nId,5737545"
87,"https://zielona.interia.pl/klimat/news-pozary-w-chile-i-argentynie-ogien-strawil-tysiace-hektarow-l,nId,5735093"
88,"https://zielona.interia.pl/klimat/news-naukowcy-jod-moze-niszczyc-pozyteczny-ozon,nId,5735050"
89,"https://zielona.interia.pl/klimat/news-w-swieta-brazylie-nawiedzila-powodz-nie-zyje-18-osob,nId,5733150"
90,"https://zielona.interia.pl/klimat/news-smog-w-polsce-raport-najgorzej-jest-w-warszawie-bydgoszczy-l,nId,5732879"
91,"https://zielona.interia.pl/przyroda/news-dramatyczne-zdjecie-zyraf-w-kenii-zmiany-klimatu-zbieraja-tr,nId,5719667"
92,"https://zielona.interia.pl/klimat/news-lodowce-w-himalajach-topnieja-w-zastraszajacym-tempie,nId,5721784"
93,"https://zielona.interia.pl/klimat/news-malezja-najwieksza-od-lat-powodz-nawiedzila-kraj-nie-zyje-14,nId,5721595"
94,"https://zielona.interia.pl/klimat/news-susza-w-kanadzie-zmniejszyla-plony-zboz-o-jedna-trzecia,nId,5721577"
95,"https://zielona.interia.pl/przyroda/news-biologiczna-masakra-rozlewisk-w-brazylii-w-pozarach-zginelo-,nId,5719587"
96,"https://zielona.interia.pl/klimat/news-susza-stulecia-na-kubie-brak-deszczu-od-kilku-tygodni,nId,5716160"
97,"https://zielona.interia.pl/klimat/news-cieplejsze-zimy-sa-rownie-niebezpieczne-co-gorace-lata,nId,5714110"
98,"https://zielona.interia.pl/klimat/news-badanie-podczas-smogu-jest-wiecej-wezwan-karetek-do-zawalow,nId,5713822"
99,"https://zielona.interia.pl/klimat/news-dluzsze-ferie-zimowe-i-krotszy-semestr-w-szkolach-to-korzysc,nId,5713665"
100,"https://zielona.interia.pl/klimat/news-poziom-oceanow-przekroczyl-najsmielsze-oczekiwania-tak-wygla,nId,5711579"
101,"https://zielona.interia.pl/klimat/news-europejska-stolica-brudnego-powietrza-lezy-w-polsce-nowy-tar,nId,5709380"
102,"https://zielona.interia.pl/klimat/news-jesli-nie-kopciuch-to-co-tak-mozemy-zwalczac-smog,nId,5709355"
103,"https://zielona.interia.pl/klimat/news-fioletowa-wyspa-europy-dramatyczny-smog-w-polsce,nId,5709350"
104,"https://zielona.interia.pl/klimat/news-czym-jest-smog-nie-tylko-samochody-i-piece-zatruwaja-powietr,nId,5709328"
105,"https://zielona.interia.pl/klimat/news-pandemia-i-smog-dwojka-do-zabojczego-tanga,nId,5709200"
106,"https://zielona.interia.pl/klimat/news-noblisci-mniej-pieniedzy-na-wojsko-wiecej-na-planete,nId,5709117"
107,"https://zielona.interia.pl/klimat/news-arktyka-zanotowala-rekord-upalow-od-zmian-klimatu-nie-ma-juz,nId,5706831"
108,"https://zielona.interia.pl/klimat/news-przez-pozary-szybciej-zanika-wieczna-zmarzlina-na-arktycznej,nId,5703170"
109,"https://zielona.interia.pl/klimat/news-smiercionosne-tornada-w-usa-to-bedzie-nowa-normalnosc,nId,5704692"
110,"https://zielona.interia.pl/klimat/news-geoinzynieria-coraz-blizej-mozemy-walczyc-z-ociepleniem-prze,nId,5703161"
111,"https://zielona.interia.pl/klimat/news-zmiany-klimatu-pokazuja-zeby-australie-trawia-pozary-i-powod,nId,5699161"
112,"https://zielona.interia.pl/klimat/news-rekordowe-emisje-dwutlenku-wegla-podczas-tegorocznych-pozaro,nId,5692310"
113,"https://zielona.interia.pl/klimat/news-mrozna-polnoc-w-strugach-deszczu-snieg-zniknie-z-arktyki-szy,nId,5685328"
114,"https://zielona.interia.pl/klimat/news-moskwa-musimy-przestac-udawac-ze-handel-emisjami-dziala-dobr,nId,5682298"
115,"https://zielona.interia.pl/klimat/news-zywnosc-ekologiczna-jest-coraz-popularniejsza-ale-w-polsce-n,nId,5680199"
116,"https://zielona.interia.pl/klimat/news-jestesmy-tym-co-jemy-zawartosc-talerza-moze-zmieniac-swiat,nId,5680104"
117,"https://zielona.interia.pl/klimat/news-od-zaglady-ekosystemow-po-stek-na-talerzu-oto-prawdziwa-cena,nId,5680081"
118,"https://zielona.interia.pl/klimat/news-zmiany-klimatu-zniszczyly-wyjatkowa-cywilizacje-liangzhu-spr,nId,5675469"
119,"https://zielona.interia.pl/klimat/news-krakow-ruszyla-budowa-zbiornika-malinowka-1,nId,5673976"
120,"https://zielona.interia.pl/klimat/news-prehistoryczna-ziemia-byla-niezwykle-obfita-w-opady,nId,5673967"
121,"https://zielona.interia.pl/klimat/news-nawet-jesli-zatrzymamy-globalne-ocieplenie-lokalne-klimaty-b,nId,5669941"
122,"https://zielona.interia.pl/klimat/news-spadek-emisji-co2-w-chinach-to-moze-oznaczac-ich-wczesniejsz,nId,5667599"
123,"https://zielona.interia.pl/klimat/news-wlochy-to-w-rzymie-najbardziej-mozna-odczuc-zmiany-klimatycz,nId,5665255"
124,"https://zielona.interia.pl/klimat/news-rzeki-atmosferyczne-sa-coraz-wieksze-to-zla-wiadomosc-m-in-d,nId,5663257"
125,"https://zielona.interia.pl/klimat/news-badanie-im-cieplejsza-gleba-tym-mniej-wegla-magazynuje,nId,5660933"
126,"https://zielona.interia.pl/polityka-klimatyczna/swiat/news-korporacje-ukrywaja-swoj-wplyw-na-klimat-tylko-procent-z-nic,nId,5655662"
127,"https://zielona.interia.pl/klimat/news-oceany-sa-kluczowe-w-zatrzymaniu-zmian-klimatu-mowi-sie-o-ty,nId,5655579"
128,"https://zielona.interia.pl/klimat/news-wybrano-95-miast-najlepiej-walczacych-ze-zmianami-klimatu-na,nId,5653220"
129,"https://zielona.interia.pl/klimat/news-globalne-ocieplenie-niszczy-malowidla-jaskiniowe,nId,5651009"
130,"https://zielona.interia.pl/klimat/news-lahaur-w-pakistanie-ma-najwiecej-smogu-na-swiecie-mieszkancy,nId,5650769"
131,"https://zielona.interia.pl/klimat/news-ue-setki-tysiecy-przedwczesnych-zgonow-z-powodu-pylu-zawiesz,nId,5646495"
132,"https://zielona.interia.pl/klimat/news-zmiana-klimatu-zmusza-do-uchodzstwa-trzy-razy-wiecej-ludzi-n,nId,5646168"
133,"https://zielona.interia.pl/klimat/news-40-proc-amerykanskich-dzieci-mysli-ze-hot-dogi-i-bekon-to-ro,nId,5641081"
134,"https://zielona.interia.pl/klimat/news-mamy-bezprecedensowe-ocieplenie-sprawdzono-ostatnie-24-tys-l,nId,5641024"
135,"https://zielona.interia.pl/klimat/news-chca-ocalic-swiat-i-wiedza-jak-to-zrobic-mimo-to-niewielu-ic,nId,5637104"
136,"https://zielona.interia.pl/klimat/news-the-conversation-najwiekszym-emitentem-na-swiecie-moze-byc-w,nId,5637476"
137,"https://zielona.interia.pl/klimat/news-cop26-nawet-miliard-osob-moze-byc-zagrozonych-ekstremalnymi-,nId,5634743"
138,"https://zielona.interia.pl/klimat/news-szklarek-swieta-bez-sniegu-staja-sie-norma,nId,5634642"
139,"https://zielona.interia.pl/klimat/news-zespol-ds-kryzysu-klimatycznego-pan-wzywa-do-redukcji-emisji,nId,5632618"
140,"https://zielona.interia.pl/aktualnosci/news-jest-zimno-czyli-nie-ma-globalnego-ocieplenia-jak-klimat-ma-,nId,5250633"
141,"https://zielona.interia.pl/aktualnosci/news-niektore-lodowce-rosna-czy-to-znaczy-ze-ocieplenia-klimatu-n,nId,5250670"
142,"https://zielona.interia.pl/klimat/news-antarktyde-miliony-lat-temu-nekaly-pozary,nId,5608285"
143,"https://zielona.interia.pl/klimat/news-raport-w-sprawie-ratowania-klimatu-nie-robimy-dostatecznie-d,nId,5610481"
144,"https://zielona.interia.pl/aktualnosci/news-najpopularniejsze-mity-o-klimacie-sprawdz-w-ktore-wierzysz,nId,5608669"
145,"https://zielona.interia.pl/klimat/news-noblista-dla-interii-badzmy-gotowi-zmian-klimatu-szybko-nie-,nId,5607997"
146,"https://zielona.interia.pl/aktualnosci/news-miazdzace-dane-onz-ziemia-ociepli-sie-o-2-7-st-celsjusza,nId,5607973"
147,"https://zielona.interia.pl/aktualnosci/news-klimatyczne-kretactwa-nafciarzy-kolejny-koncern-przylapany,nId,5605817"
148,"https://zielona.interia.pl/aktualnosci/news-poziom-morza-mocno-wzrosnie-ostrzezenie-dla-rzadu-holandii,nId,5605745"
149,"https://zielona.interia.pl/klimat/news-wmo-alarmuje-odnotowano-rekordowe-emisje-co2,nId,5604024"
150,"https://zielona.interia.pl/klimat/news-kalifornia-czeka-na-uderzenie-bomby-cyklonowej,nId,5603831"
151,"https://zielona.interia.pl/klimat/news-jeziora-jeszcze-nigdy-tak-szybko-sie-nie-ocieplaly-to-zagraz,nId,5600234"
152,"https://zielona.interia.pl/klimat/news-raport-kod-czerwony-dla-zdrowia-kryzys-klimatyczny-coraz-bar,nId,5595965"
153,"https://zielona.interia.pl/polityka-klimatyczna/news-wielka-manipulacja-wyciek-dokumentow-przed-szczytem-klimatyc,nId,5595921"
154,"https://zielona.interia.pl/klimat/news-nie-tylko-lasy-i-morza-czlowiek-drastycznie-zmienil-zycie-w-,nId,5593795"
155,"https://zielona.interia.pl/klimat/news-koncerny-paliw-kopalnych-nie-ogladaja-sie-na-katastrofe-klim,nId,5593796"
156,"https://zielona.interia.pl/klimat/news-wmo-legendarne-lodowce-wschodniej-afryki-znikna-za-20-lat,nId,5591526"
157,"https://zielona.interia.pl/klimat/news-99-9-proc-prac-naukowych-potwierdza-zmiany-klimatyczne-powod,nId,5591395"
158,"https://zielona.interia.pl/klimat/news-apokaliptyczna-strona-internetowa-pokazuje-zmiany-klimatu-ta,nId,5591368"
159,"https://zielona.interia.pl/klimat/news-male-liczby-wielkie-konsekwencje-co-sie-stanie-jesli-nie-pow,nId,5589280"
160,"https://zielona.interia.pl/klimat/news-na-topniejacych-fundamentach-ocieplenie-zagraza-domom-15-mln,nId,5589246"
161,"https://zielona.interia.pl/klimat/news-swiat-jak-z-mad-maxa-naukowcy-sprawdzili-jaki-bedzie-klimat-,nId,5585904"
162,"https://zielona.interia.pl/klimat/news-2-5-mln-ludzi-zagrozonych-glodem-z-powodu-suszy,nId,5583960"
163,"https://zielona.interia.pl/klimat/news-coldplay-zapowiada-redukcje-emisji-co2-podczas-przyszloroczn,nId,5583883"
164,"https://zielona.interia.pl/klimat/news-komisarz-ue-planowane-ciecia-emisji-nie-powstrzymaja-globaln,nId,5581687"
165,"https://zielona.interia.pl/polityka-klimatyczna/news-lasy-mialy-pomoc-chronic-klimat-nie-pomoga-bo-na-drodze-stan,nId,5579342"
166,"https://zielona.interia.pl/klimat/news-cop26-i-dlaczego-jest-wazny-przewodnik-po-szczycie-klimatycz,nId,5573428"
167,"https://zielona.interia.pl/klimat/news-co-zabierze-nam-baltyk-nowa-mapa-pokazuje-jak-morze-bedzie-p,nId,5577229"
168,"https://zielona.interia.pl/eko-technologie/news-sztuczna-inteligencja-sprawdzila-kto-juz-odczuwa-zmiany-klim,nId,5577019"
169,"https://zielona.interia.pl/klimat/news-hakerzy-klamstwa-i-klimat-afera-ktora-wstrzasnela-swiatem-do,nId,5573415"
170,"https://zielona.interia.pl/klimat/news-zaglada-sprzed-33-mln-lat-naukowcy-odkryli-nieznane-dotad-wi,nId,5569628"
171,"https://zielona.interia.pl/klimat/news-tajemniczy-popiol-badacze-antarktydy-wytropili-sredniowieczn,nId,5569575"
172,"https://zielona.interia.pl/klimat/news-same-lasy-nie-uratuja-klimatu-w-niemczech-pochlonac-tylko-3-,nId,5567252"
173,"https://zielona.interia.pl/klimat/news-wmo-alarmuje-nadciaga-kryzys-ktorego-skutki-odczuje-5-mld-lu,nId,5565039"
174,"https://zielona.interia.pl/polityka-klimatyczna/news-prawo-do-czystego-srodowiska-ma-byc-prawem-czlowieka-nie-tak,nId,5563346"
175,"https://zielona.interia.pl/przyroda/news-rafy-koralowe-wielkie-wymieranie-wkrotce-mozemy-utracic-je-w,nId,5563274"
176,"https://zielona.interia.pl/klimat/news-upaly-susze-i-podtopienia-prad-strumieniowy-chronil-nas-prze,nId,5563201"
177,"https://zielona.interia.pl/klimat/news-przelomowe-odkrycia-w-dziedzinie-klimatu-z-nagroda-nobla-z-f,nId,5563044"
178,"https://zielona.interia.pl/klimat/news-emisje-co2-kto-powinien-zaplacic-za-zniszczenie-klimatu,nId,5563017"
179,"https://zielona.interia.pl/klimat/news-pan-ostrzega-w-polskich-miastach-bedzie-umieralo-znacznie-wi,nId,5561101"
180,"https://zielona.interia.pl/klimat/news-zmiany-klimatu-pozwolily-wyprodukowac-kawe-na-sycylii,nId,5560844"
181,"https://zielona.interia.pl/klimat/news-pierwsi-europejczycy-zyli-w-mroznym-klimacie,nId,5557455"
182,"https://zielona.interia.pl/klimat/news-zatrzymanie-zmian-klimatu-uchroni-ponad-miliard-ludzi-przed-,nId,5555521"
183,"https://zielona.interia.pl/klimat/news-ziemia-traci-blask-niepokojace-odkrycie-astronomow,nId,5555147"
184,"https://zielona.interia.pl/klimat/news-rozbieg-przed-cop26-kto-wypelni-zobowiazania-klimatyczne,nId,5550365"
185,"https://zielona.interia.pl/klimat/news-topi-sie-tak-duzo-polarnego-lodu-ze-az-wypacza-skorupe-ziemi,nId,5547663"
186,"https://zielona.interia.pl/klimat/news-tydzien-bez-miesa-z-greenpeacem-ambasadorami-akcji-magdalena,nId,5548616"
187,"https://zielona.interia.pl/klimat/news-ludzkosc-bedzie-walczyc-o-przetrwanie-jesli-nie-zatrzymamy-z,nId,5508238"
188,"https://zielona.interia.pl/klimat/news-save-the-children-nadchodzi-klimatyczny-kryzys-praw-dziecka,nId,5508094"
189,"https://zielona.interia.pl/przyroda/news-copernicus-morza-i-oceany-w-coraz-gorszym-stanie,nId,5500133"
190,"https://zielona.interia.pl/klimat/news-letnie-pozary-lasow-na-swiecie-wyemitowaly-tyle-co2-co-indie,nId,5498058"
191,"https://zielona.interia.pl/klimat/news-nie-tylko-gazy-cieplarniane-naukowcy-odkryli-kolejne-tajemni,nId,5496156"
192,"https://zielona.interia.pl/klimat/news-handel-ludzmi-i-niewolnictwo-ukryta-cena-kryzysu-klimatyczne,nId,5495963"
193,"https://zielona.interia.pl/klimat/news-podczas-wymieran-woda-zmieniala-sie-w-toksyczna-zupe-i-to-dz,nId,5493717"
194,"https://zielona.interia.pl/klimat/news-raport-onz-o-cieciach-emisji-jestesmy-na-sciezce-do-katastro,nId,5490126"
195,"https://zielona.interia.pl/klimat/news-niemcy-wciaz-trwa-usuwanie-szkod-po-powodziach-rosna-obawy-p,nId,5483991"
196,"https://zielona.interia.pl/klimat/news-ocieplenie-przesuwa-polarny-prad-katastrofalne-konsekwencje-,nId,5481974"
197,"https://zielona.interia.pl/klimat/news-rozwiercili-lodowiec-nie-wszystko-poszlo-zgodnie-z-planem,nId,5481923"
198,"https://zielona.interia.pl/klimat/news-manuel-pulgar-vidal-wwf-dla-ratowania-klimatu-rozpoczela-sie,nId,5481689"
199,"https://zielona.interia.pl/polityka-klimatyczna/news-zdradzeni-ignorowani-porzuceni-co-sadza-mlodzi-o-polityce-kl,nId,5481512"
200,"https://zielona.interia.pl/klimat/news-zar-z-nieba-na-swiecie-rosnie-liczba-ekstremalnie-goracych-d,nId,5481485"
201,"https://zielona.interia.pl/klimat/news-takich-migracji-dotad-nie-bylo-bank-swiatowy-policzyl-ilu-lu,nId,5479789"
202,"https://zielona.interia.pl/aktualnosci/news-onz-zagrozenia-srodowiskowe-to-najwieksze-wyzwanie-dla-praw-,nId,5479703"
203,"https://zielona.interia.pl/aktualnosci/news-co-wraz-z-ociepleniem-uwalnia-sie-z-wiecznej-zmarzliny-spraw,nId,5479435"
204,"https://zielona.interia.pl/przyroda/news-zwierzeta-na-ocieplajacy-klimat-odpowiadaja-zmiana-ksztaltu,nId,5477724"
205,"https://zielona.interia.pl/klimat/news-uralski-lodowiec-igan-prawie-calkowicie-wolny-od-sniegu,nId,5472112"
206,"https://zielona.interia.pl/polityka-klimatyczna/news-badanie-ile-mozna-jeszcze-wydobyc-paliw-kopalnych-by-nie-zni,nId,5472056"
207,"https://zielona.interia.pl/klimat/news-wielkie-emisje-firm-produkujacych-mieso-i-nabial,nId,5471617"
208,"https://zielona.interia.pl/klimat/news-jesienie-na-wegrzech-sa-coraz-cieplejsze,nId,5469953"
209,"https://zielona.interia.pl/klimat/news-a-moze-dla-ratowania-klimatu-powinnismy-pracowac-mniej,nId,5467699"
210,"https://zielona.interia.pl/klimat/news-copernicus-to-najcieplejsze-lato-w-historii-pomiarow-w-europ,nId,5467714"
211,"https://zielona.interia.pl/klimat/news-europe-czeka-stulecie-susz-ucierpia-rolnictwo-i-energetyka,nId,5467569"
212,"https://zielona.interia.pl/aktualnosci/news-mae-stezenie-co2-w-atmosferze-znow-szybko-rosnie,nId,5467422"
213,"https://zielona.interia.pl/klimat/news-miasta-w-usa-nie-sa-gotowe-na-zmiany-klimatu,nId,5466047"
214,"https://zielona.interia.pl/klimat/news-nie-tylko-upaly-i-susze-zmiany-klimatu-przyniosa-tez-siarczy,nId,5465665"
215,"https://zielona.interia.pl/klimat/news-drugie-zycie-mamuta-naukowcy-chca-przywrocic-do-zycia-wymarl,nId,5465600"
216,"https://zielona.interia.pl/klimat/news-ekspert-z-uw-w-czasach-kryzysu-klimatycznego-nalezy-dbac-o-r,nId,5462279"
217,"https://zielona.interia.pl/klimat/news-naukowcy-kazde-zanieczyszczenie-powietrza-szkodzi-zdrowiu,nId,5462266"
218,"https://zielona.interia.pl/klimat/news-podtopienia-i-powodzie-nowa-polska-rzeczywistosc,nId,5458528"
219,"https://zielona.interia.pl/eko-niezbednik/abc-ekologii/news-klimatyczny-problem-z-krowami-jak-poradzic-sobie-z-emisjami-,nId,5459962"
220,"https://zielona.interia.pl/klimat/news-powodz-w-nowym-jorku-ida-zebrala-smiertelne-zniwo,nId,5458256"
221,"https://zielona.interia.pl/klimat/news-skad-wiemy-czy-ekstremalna-pogoda-to-efekt-zmian-klimatyczny,nId,5457791"
222,"https://zielona.interia.pl/eko-niezbednik/abc-ekologii/news-kryzys-klimatyczny-zmieni-rolnictwo-jakie-znamy,nId,5457976"
223,"https://zielona.interia.pl/klimat/news-naukowcy-ostrzegaja-morza-staja-sie-coraz-grozniejsze-dla-lu,nId,5455923"
224,"https://zielona.interia.pl/aktualnosci/news-dwa-miliony-ofiar-klesk-zywiolowych-onz-ostrzega-katastrof-p,nId,5455824"
225,"https://zielona.interia.pl/klimat/news-naukowcy-huragan-ida-rezultatem-zmian-klimatycznych,nId,5455724"
226,"https://zielona.interia.pl/klimat/news-raport-dzieci-szczegolnie-narazone-na-konsekwencje-zmian-kli,nId,5453694"
227,"https://zielona.interia.pl/klimat/news-wieje-do-240-km-na-godzine-huragan-ida-uderzyl-w-luizjane,nId,5451460"
228,"https://zielona.interia.pl/klimat/news-wraz-z-ociepleniem-klimatu-coraz-mniejsze-oddzialywanie-el-n,nId,5446252"
229,"https://zielona.interia.pl/klimat/news-lynas-klimatyczni-denialisci-sa-na-wymarciu-atom-to-szansa-n,nId,5444466"
230,"https://zielona.interia.pl/klimat/news-rosyjskie-wladze-gigantyczne-pozary-bliskie-ugaszenia,nId,5444473"
231,"https://zielona.interia.pl/klimat/news-niespodziewane-skoki-temperatury-niepokojace-dane-z-europy,nId,5443825"
232,"https://zielona.interia.pl/klimat/news-pierwsza-taka-kleska-glodu-na-swiecie-ludzie-ratuja-sie-jedz,nId,5442115"
233,"https://zielona.interia.pl/aktualnosci/news-wszystkie-kleski-afganistanu-z-czym-tak-naprawde-przegral-za,nId,5439820"
234,"https://zielona.interia.pl/raporty/news-ekolodzy-rothschildowie-i-kosmici-fake-newsy-utrudniaja-walk,nId,5439588"
235,"https://zielona.interia.pl/klimat/news-rekordowy-rok-pod-wzgledem-emisji-co2-z-pozarow,nId,5437778"
236,"https://zielona.interia.pl/klimat/news-umierajac-zabiora-ze-soba-cale-panstwa-ponura-przyszlosc-pol,nId,5437790"
237,"https://zielona.interia.pl/aktualnosci/news-wplyw-czlowieka-na-klimat-czy-sa-jeszcze-jakies-watpliwosci,nId,5437482"
238,"https://zielona.interia.pl/klimat/news-toksyczny-dym-zabija-wiecej-ludzi-niz-plomienie,nId,5435853"
239,"https://zielona.interia.pl/klimat/news-unicef-kryzys-klimatyczny-zagraza-blisko-miliardowi-dzieci,nId,5432725"
240,"https://zielona.interia.pl/aktualnosci/news-ameryka-walczy-z-ogniem-najgrozniejszy-pozar-dixie-dewastuje,nId,5432431"
241,"https://zielona.interia.pl/klimat/news-na-grenlandzkim-szczycie-po-raz-pierwszy-w-historii-zamiast-,nId,5431914"
242,"https://zielona.interia.pl/klimat/news-badanie-zakaz-stosowania-freonow-uchronil-ludzkosc-przed-kli,nId,5430013"
243,"https://zielona.interia.pl/klimat/news-uchodzcow-klimatycznych-jest-coraz-wiecej-placa-cene-za-nasz,nId,5429954"
244,"https://zielona.interia.pl/klimat/news-kiedys-najwyzszy-szczyt-szwecji-teraz-zanika-w-oczach,nId,5426412"
245,"https://zielona.interia.pl/klimat/news-topiace-sie-lody-zdusza-zycie-w-oceanie-naukowcy-ustalili-ja,nId,5425911"
246,"https://zielona.interia.pl/klimat/news-uchodzcy-klimatyczni-ucieczka-z-piekla-do-piekla,nId,5421959"
247,"https://zielona.interia.pl/klimat/news-klimatolog-w-amerykanskich-miastach-na-zachodzie-moze-zabrak,nId,5420384"
248,"https://zielona.interia.pl/klimat/news-olbrzymia-gora-lodowa-a74-otarla-sie-o-wybrzeze-antarktydy,nId,5418531"
249,"https://zielona.interia.pl/klimat/news-to-byl-najgoretszy-lipiec-jaki-kiedykolwiek-zanotowano-na-sw,nId,5420372"
250,"https://zielona.interia.pl/klimat/news-morze-marmara-umiera-obszar-pokryty-sluzem-najwiekszy-w-hist,nId,5418521"
251,"https://zielona.interia.pl/klimat/news-to-najwiekszy-pozar-w-historii-ludziom-nakazano-pozostanie-w,nId,5417974"
252,"https://zielona.interia.pl/klimat/news-wyciekla-robocza-wersja-raportu-ws-klimatu-ujawnili-go-nauko,nId,5418035"
253,"https://zielona.interia.pl/klimat/news-chcesz-spedzic-wakacje-na-rajskiej-wyspie-musisz-sie-pospies,nId,5413819"
254,"https://zielona.interia.pl/klimat/news-od-pozarow-po-powodzie-ekstremalne-lato-na-swiecie,nId,5413771"
255,"https://zielona.interia.pl/klimat/news-prof-karaczun-musimy-zatrzymac-katastrofe-klimatyczna-albo-c,nId,5410295"
256,"https://zielona.interia.pl/klimat/news-raport-ipcc-piec-scenariuszy-na-przyszlosc,nId,5409985"
257,"https://zielona.interia.pl/klimat/news-naukowcy-o-raporcie-ipcc-rola-metanu-wzrost-poziomu-oceanow-,nId,5410242"
258,"https://zielona.interia.pl/klimat/news-czym-sa-zmiany-klimatu-tlumaczymy-co-tak-naprawde-oznacza-kr,nId,5409711"
259,"https://zielona.interia.pl/aktualnosci/news-raport-w-sprawie-klimatu-czerwony-alarm-dla-ludzkosci,nId,5409706"
260,"https://zielona.interia.pl/klimat/news-badaczka-turystyka-niszczy-ziemie,nId,5408137"
261,"https://zielona.interia.pl/klimat/news-afp-region-morza-srodziemnego-bedzie-centrum-zmian-klimatycz,nId,5406593"
262,"https://zielona.interia.pl/klimat/news-przeciek-z-raportu-ipcc-albo-redukcja-metanu-albo-katastrofa,nId,5404722"
263,"https://zielona.interia.pl/klimat/news-prad-zatokowy-moze-sie-zalamac-to-ostrzezenie-dla-europy,nId,5404303"
264,"https://zielona.interia.pl/klimat/news-w-ciagu-dekady-kolejne-miliony-ludzi-beda-narazone-na-powodz,nId,5402444"
265,"https://zielona.interia.pl/aktualnosci/news-naukowcy-szykuja-scenariusze-klimatyczne-zaden-nie-bedzie-op,nId,5402462"
266,"https://zielona.interia.pl/klimat/news-copernicus-tegoroczny-lipiec-trzecim-najgoretszym-w-historii,nId,5402258"
267,"https://zielona.interia.pl/klimat/news-wzrost-emisji-metanu-na-syberii-to-skutek-zeszlorocznej-fali,nId,5400274"
268,"https://zielona.interia.pl/klimat/news-szef-beyond-meat-nowy-podatek-miesny-to-ciekawa-propozycja,nId,5397885"
269,"https://zielona.interia.pl/klimat/news-nowa-zelandia-najlepszym-miejscem-do-schronienia-sie-przed-u,nId,5395606"
270,"https://zielona.interia.pl/klimat/news-naukowcy-katastrofa-klimatyczna-jest-nieunikniona,nId,5388084"
271,"https://zielona.interia.pl/klimat/news-w-tokio-sportowcom-jest-za-goraco-czas-sie-przyzwyczajac,nId,5388387"
272,"https://zielona.interia.pl/klimat/news-wysoka-cena-luksusu-wygodne-zycie-7-polakow-zabija-jedna-oso,nId,5388151"
273,"https://zielona.interia.pl/klimat/news-od-dzis-zyjemy-na-kredyt-bierzemy-wiecej-niz-ziemia-moze-nam,nId,5387829"
274,"https://zielona.interia.pl/klimat/news-swiat-bije-rekordy-w-ociepleniu-klimatu,nId,5385712"
275,"https://zielona.interia.pl/klimat/news-badanie-czekaja-nas-fale-ekstremalnych-upalow-jakich-jeszcze,nId,5383466"
276,"https://zielona.interia.pl/klimat/news-raport-ostatniej-szansy-eksperci-onz-przestrzegaja-przed-kat,nId,5381485"
277,"https://zielona.interia.pl/klimat/news-filipiny-ewakuacje-w-stolicy-po-ulewnych-deszczach,nId,5378201"
278,"https://zielona.interia.pl/klimat/news-milion-ofiar-kataklizmow-pogoda-zabija-na-calym-swiecie,nId,5376470"
279,"https://zielona.interia.pl/klimat/news-w-kolumbii-brytyjskiej-ogloszono-stan-wyjatkowy-w-gaszeniu-p,nId,5375930"
280,"https://zielona.interia.pl/klimat/news-usa-pozar-tak-ogromny-ze-tworzy-wlasna-pogode,nId,5374462"
281,"https://zielona.interia.pl/klimat/news-czy-jest-jeszcze-szansa-na-powstrzymanie-ocieplenia-na-pozio,nId,5374233"
282,"https://zielona.interia.pl/klimat/news-kto-bardziej-zanieczyszcza-srodowisko-okazuje-sie-ze-mezczyz,nId,5373978"
283,"https://zielona.interia.pl/klimat/news-ulewa-tysiaclecia-w-chinach-ewakuacja-ponad-200-tys-ludzi,nId,5371857"
284,"https://zielona.interia.pl/klimat/news-imgw-za-nami-najcieplejsza-dekada-od-70-lat,nId,5370146"
285,"https://zielona.interia.pl/klimat/news-raport-emisje-gazow-cieplarnianych-szybko-rosna-swiat-idzie-,nId,5369899"
286,"https://zielona.interia.pl/klimat/news-badanie-w-europie-bedzie-coraz-wiecej-burz-i-powodzi,nId,5369581"
287,"https://zielona.interia.pl/klimat/news-zmiany-klimatu-zjawisk-takich-jak-powodzie-w-niemczech-bedzi,nId,5362654"
288,"https://zielona.interia.pl/klimat/news-zaczyna-sie-epoka-wielkich-pozarow-lasow,nId,5362055"
289,"https://zielona.interia.pl/klimat/news-rozproszone-drzewa-takze-chlodza-otoczenie,nId,5360412"
290,"https://zielona.interia.pl/klimat/news-krajobraz-po-nawalnicy-europa-zachodnia-liczy-ofiary-i-strat,nId,5360266"
291,"https://zielona.interia.pl/klimat/news-amazonia-emituje-juz-wiecej-co2-niz-pochlania,nId,5358552"
292,"https://zielona.interia.pl/klimat/news-rekordowe-upaly-w-niektorych-miejscach-od-stu-lat-nie-bylo-t,nId,5358054"
293,"https://zielona.interia.pl/klimat/news-potezne-pozary-na-syberii-do-akcji-ma-wkroczyc-wojsko,nId,5357940"
294,"https://zielona.interia.pl/klimat/news-zmiana-w-orbicie-ksiezyca-moze-spowodowac-rekordowe-powodzie,nId,5356256"
295,"https://zielona.interia.pl/klimat/news-burze-staja-sie-coraz-bardziej-intensywne-czas-sie-zaczac-pr,nId,5354138"
296,"https://zielona.interia.pl/klimat/news-podtopienia-w-polsce-wszechobecna-betonoza-pogarsza-sprawe,nId,5354116"
297,"https://zielona.interia.pl/klimat/news-ziemska-atmosfera-zatrzymuje-cieplo-dwa-razy-szybciej-niz-15,nId,5353914"
298,"https://zielona.interia.pl/klimat/news-usa-co-najmniej-78-osob-zmarlo-z-powodu-upalow-w-stanie-wasz,nId,5350683"
299,"https://zielona.interia.pl/klimat/news-wiecej-deszczu-dzieki-przywracaniu-terenow-lesnych,nId,5346965"
300,"https://zielona.interia.pl/klimat/news-ekstremalne-temperatury-zabijaja-5-mln-ludzi-rocznie,nId,5346647"
301,"https://zielona.interia.pl/klimat/news-czerwiec-jednym-z-najgoretszych-w-historii-pomiarow,nId,5344267"
302,"https://zielona.interia.pl/klimat/news-poziom-morz-rosnie-ale-wlasciwie-o-ile-dlaczego-tak-trudno-t,nId,5344184"
303,"https://zielona.interia.pl/klimat/news-anomalie-temperaturowe-na-baltyku-i-skwar-u-swietego-mikolaj,nId,5342707"
304,"https://zielona.interia.pl/klimat/news-katastrofa-klimatyczna-upal-zabojczy-nie-tylko-dla-ludzi,nId,5342119"
305,"https://zielona.interia.pl/klimat/news-indie-w-delhi-najwyzsze-temperatury-od-2012-r,nId,5334662"
306,"https://zielona.interia.pl/klimat/news-meksyk-susza-poglebia-problem-zaopatrzenia-w-wode-zagrazajac,nId,5334685"
307,"https://zielona.interia.pl/klimat/news-klimat-to-wytrzyma-z-ludzmi-gorzej,nId,5332862"
308,"https://zielona.interia.pl/klimat/news-gorskie-lodowce-w-tropikach-zanikaja-w-szybkim-tempie,nId,5334268"
309,"https://zielona.interia.pl/klimat/news-mniejsze-zagrozenie-pozarowe-w-polskich-lasach-europa-szykuj,nId,5332478"
310,"https://zielona.interia.pl/klimat/news-pieklo-upalow-w-usa-i-kanadzie-najwyzsze-temperatury-w-histo,nId,5332156"
311,"https://zielona.interia.pl/klimat/news-nawet-410-mln-ludzi-zagrozonych-podnoszeniem-sie-poziomu-mor,nId,5330358"
312,"https://zielona.interia.pl/klimat/news-klimatyczne-obiecancki-i-slomiany-zapal-czy-uda-nam-sie-wygr,nId,5327577"
313,"https://zielona.interia.pl/aktualnosci/news-morze-srodziemne-staje-sie-coraz-cieplejsze,nId,5325168"
314,"https://zielona.interia.pl/klimat/news-tornado-w-czechach-podtopienia-polsce-zmiany-klimatu-juz-tu-,nId,5319800"
315,"https://zielona.interia.pl/klimat/news-trujemy-sie-caly-rok-smog-doskwiera-takze-latem,nId,5319257"
316,"https://zielona.interia.pl/klimat/news-moskwa-najgoretszy-czerwiec-od-142-lat,nId,5316996"
317,"https://zielona.interia.pl/klimat/news-podlubelskie-gminy-apeluja-do-mieszkancow-o-ograniczenie-zuz,nId,5315255"
318,"https://zielona.interia.pl/klimat/news-rekordy-temperatur-w-arktyce-powierzchnia-rozgrzana-do-48-st,nId,5314847"
319,"https://zielona.interia.pl/klimat/news-lato-2021-czego-mozemy-sie-spodziewac,nId,5311100"
320,"https://zielona.interia.pl/klimat/news-paliwa-kopalne-zabijaja-milion-zgonow-w-rok,nId,5310549"
321,"https://zielona.interia.pl/klimat/news-czy-mamy-dowody-na-to-ze-to-czlowiek-powoduje-globalne-ociep,nId,5250660"
322,"https://zielona.interia.pl/klimat/news-ponad-polowa-rzek-na-swiecie-przestaje-plynac-co-najmniej-je,nId,5305510"
323,"https://zielona.interia.pl/klimat/news-10-tys-lat-historii-klimatu-zapisane-w-lodzie-z-alp,nId,5305124"
324,"https://zielona.interia.pl/klimat/news-susza-rownie-niebezpieczna-jak-pandemia,nId,5304857"
325,"https://zielona.interia.pl/klimat/news-lockdowny-poskutkowaly-spadkiem-zanieczyszczenia-ozonem,nId,5298292"
326,"https://zielona.interia.pl/klimat/news-piecioro-polakow-pozywa-rzad-w-sprawie-klimatu,nId,5288285"
327,"https://zielona.interia.pl/klimat/news-u-progu-wielkiego-wymierania-najwyzszy-w-historii-ludzkosci-,nId,5288156"
328,"https://zielona.interia.pl/klimat/news-jablek-nie-bedzie-zmiana-klimatu-moze-zubozyc-nasza-diete,nId,5286279"
329,"https://zielona.interia.pl/klimat/news-pandemia-byla-bolesna-dla-gospodarek-zmiany-klimatyczne-beda,nId,5282444"
330,"https://zielona.interia.pl/news-dzien-dlugu-ekologicznego-2021-wczesniej-niz-rok-temu,nId,5281703"
331,"https://zielona.interia.pl/klimat/news-ceny-warzyw-i-owocow-beda-jeszcze-wyzsze-zmiany-klimatu-wydr,nId,5276812"
332,"https://zielona.interia.pl/klimat/news-lod-morski-w-arktyce-topnieje-dwa-razy-szybciej-niz-myslelis,nId,5276568"
333,"https://zielona.interia.pl/klimat/news-coraz-wiecej-ludzi-bedzie-musialo-uciekac-przed-wzrastajacym,nId,5200373"
334,"https://zielona.interia.pl/klimat/news-kryzys-klimatyczny-doprowadzil-do-zmiany-nachylenia-osi-ziem,nId,5195852"
335,"https://zielona.interia.pl/klimat/news-copernicus-w-europie-to-byla-najcieplejsza-zima-w-historii,nId,5186154"
336,"https://zielona.interia.pl/przyroda/news-pah-tragiczne-skutki-ocieplenia-klimatu-widzimy-na-wlasne-oc,nId,5183580"
337,"https://zielona.interia.pl/polityka-klimatyczna/news-mae-w-2021-r-emisje-beda-najwyzsze-od-dekady,nId,5180898"
338,"https://zielona.interia.pl/klimat/news-poziom-co2-najwyzszy-w-historii-ludzkosci,nId,5154912"
339,"https://zielona.interia.pl/aktualnosci/news-upadki-imperiow-i-wielkie-przemiany-jak-klimat-zmienial-hist,nId,5126929"
340,"https://zielona.interia.pl/klimat/news-polskie-zimy-w-przyszlosci-jak-beda-wygladaly,nId,5125166"
341,"https://zielona.interia.pl/klimat/news-czerwony-krzyz-10-mln-przesiedlonych-z-powodu-katastrof-klim,nId,5114566"
342,"https://zielona.interia.pl/przyroda/news-groza-nam-upaly-trwajace-po-pol-roku,nId,5096077"
343,"https://zielona.interia.pl/klimat/news-nadzieja-dla-klimatu,nId,5094545"
344,"https://zielona.interia.pl/klimat/news-globalny-poziom-emisji-co2-znow-szybko-rosnie,nId,5082360"
345,"https://zielona.interia.pl/klimat/news-niepokojace-zmiany-na-atlantyku-moga-calkiem-zdestabilizowac,nId,5074631"
346,"https://zielona.interia.pl/aktualnosci/news-statek-przeplynal-polnocna-droge-morska-to-bardzo-zla-wiadom,nId,5067260"
347,"https://zielona.interia.pl/klimat/news-realizuja-sie-czarne-scenariusze-podnoszenia-poziomu-morz,nId,5059734"
348,"https://zielona.interia.pl/klimat/news-imgw-ubiegly-rok-byl-w-polsce-ekstremalnie-cieply,nId,5053274"
349,"https://zielona.interia.pl/klimat/news-zmiany-klimatyczne-to-koszmar-dla-alergikow,nId,5041428"
350,"https://zielona.interia.pl/klimat/news-pan-za-100-lat-historyczne-centrum-gdanska-moze-zniknac,nId,5012828"
351,"https://zielona.interia.pl/klimat/news-mroz-i-snieg-to-nie-dowod-ze-nie-ma-globalnego-ocieplenia,nId,4994006"
352,"https://zielona.interia.pl/klimat/news-przegrywamy-walke-z-ociepleniem-klimatu,nId,4989251"
353,"https://zielona.interia.pl/klimat/news-2020-r-najgoretszy-w-historii,nId,4979575"
354,"https://zielona.interia.pl/klimat/news-usa-w-2020-r-rekordowa-liczba-klesk-zywiolowych,nId,4976416"
355,"https://zielona.interia.pl/klimat/news-jeziora-na-swiecie-wysychaja-z-powodu-zmian-klimatu,nId,4962779"
356,"https://zielona.interia.pl/klimat/news-mimo-ochlodzenia-2021-r-i-tak-moze-byc-jednym-z-najgoretszyc,nId,4938924"
357,"https://zielona.interia.pl/klimat/news-bomba-cieplarniana-tyka-coraz-szybciej,nId,4928722"
358,"https://zielona.interia.pl/klimat/news-klimatolog-duzo-ludzi-musi-umrzec-zeby-politycy-zauwazyli-pr,nId,4928709"
