,spidersweb
0,https://spidersweb.pl/bizblog/chiny-produkcja-wegla/
1,https://spidersweb.pl/bizblog/ekogroszek-oszustwo-klienci-rzad-nie-raguje/
2,https://spidersweb.pl/bizblog/smog-warszawa/
3,https://spidersweb.pl/bizblog/turow-czechy-rozmowy/
4,https://spidersweb.pl/bizblog/zmiany-klimatu-w-szkolach/
5,https://spidersweb.pl/bizblog/smog-normy-powietrza/
6,https://spidersweb.pl/bizblog/koncerny-butelkomaty-opakowania-system-kaucyjny/
7,https://spidersweb.pl/bizblog/smog-sad-palarz/
8,https://spidersweb.pl/bizblog/emisja-co2-czechy-polska/
9,https://spidersweb.pl/bizblog/zanieczyszczone-powietrze-raport/
10,https://spidersweb.pl/bizblog/janschwalde-jak-turow/
11,https://spidersweb.pl/bizblog/turow-czechy-negocjacje-4/
12,https://spidersweb.pl/bizblog/smog-czyste-powietrze/
13,https://spidersweb.pl/bizblog/fundacja-instrat-klimat-gpw/
14,https://spidersweb.pl/bizblog/smog-airly-mapa-europy-polska/
15,https://spidersweb.pl/bizblog/drogi-prad-zamieszki-wojsko-klimat/
16,https://spidersweb.pl/bizblog/koniec-ekogroszku-smog-polskie-miasta/
17,https://spidersweb.pl/bizblog/greenpeace-pociagi-samoloty/
18,https://spidersweb.pl/bizblog/cop26-szczyt-klimatyczny/
19,https://spidersweb.pl/bizblog/kurtyka-dymisja-turow/
20,https://spidersweb.pl/bizblog/zmiany-klimatu-kraje-g20/
21,https://spidersweb.pl/bizblog/polskie-miasta-powodzie-ocieplenie/
22,https://spidersweb.pl/bizblog/eksperci-rady-oszczedzanie-wody-pradu/
23,https://spidersweb.pl/bizblog/greenpeace-polska-kopalnie/
24,https://spidersweb.pl/bizblog/smog-sad-mazowieckie/
25,https://spidersweb.pl/bizblog/zanieczyszczone-powietrze-who/
26,https://spidersweb.pl/bizblog/swiadomosc-klimatyczna-gielda/
27,https://spidersweb.pl/bizblog/bitcoin-smieci-odpady-cena/
28,https://spidersweb.pl/bizblog/marnowanie-jedzenia-linie-lotnicze/
29,https://spidersweb.pl/bizblog/zmiany-klimatu-migranci/
30,https://spidersweb.pl/bizblog/metan-redukcja-emisji-gospodarka/
31,https://spidersweb.pl/bizblog/smog-wina-panstwa/
32,https://spidersweb.pl/bizblog/zmiany-klimatu-pogoda-raport/
33,https://spidersweb.pl/bizblog/gaz-fluorowy-zakaz-w-ue/
34,https://spidersweb.pl/bizblog/spacex-przyroda-teksas/
35,https://spidersweb.pl/bizblog/bomba-metanowa-syberia/
36,https://spidersweb.pl/bizblog/elektroodpady-miejsca-pracy/
37,https://spidersweb.pl/bizblog/producenci-smieci-rop-ceny-produktow/
38,https://spidersweb.pl/bizblog/turow-czesi-list-do-premiera/
39,https://spidersweb.pl/bizblog/kara-za-smieci-plaze-lasy/
40,https://spidersweb.pl/bizblog/prawo-klimatyczne-ue-polska/
41,https://spidersweb.pl/bizblog/chmura-nad-szczecinem-chempark-leverkusen/
42,https://spidersweb.pl/bizblog/wyszukiwarka-ekodotacji/
43,https://spidersweb.pl/bizblog/koniec-diesla-europa/
44,https://spidersweb.pl/bizblog/odpady-z-niemiec/
45,https://spidersweb.pl/bizblog/lasy-panstwowe-specustawa/
46,https://spidersweb.pl/bizblog/samoloty-wodor-emisja-co2/
47,https://spidersweb.pl/bizblog/czyste-powietrze-pgnig/
48,https://spidersweb.pl/bizblog/polityka-klimatyczna-ceny-biletow-lotnictwo/
49,https://spidersweb.pl/bizblog/pakiet-klimatyczny-ke-ocena/
50,https://spidersweb.pl/bizblog/rekord-ciepla-dolina-smierci/
51,https://spidersweb.pl/bizblog/strefy-czystego-transportu/
52,https://spidersweb.pl/bizblog/paliwa-kopalne-eeb-pakiet-fit-for-55/
53,https://spidersweb.pl/bizblog/turow-spor-czechy-polska-czas/
54,https://spidersweb.pl/bizblog/smiecenie-w-lasach-nowe-kary/
55,https://spidersweb.pl/bizblog/zmiany-klimatu-zabijaja-ludzi/
56,https://spidersweb.pl/bizblog/banki-wegiel-klimat/
57,https://spidersweb.pl/bizblog/turow-bez-porozumienia/
58,https://spidersweb.pl/bizblog/wycinka-zakaz-unia-europejska/
59,https://spidersweb.pl/bizblog/czyste-powietrze-kredyt/
60,https://spidersweb.pl/bizblog/bbc-globalne-ocieplenie-korzysci/
61,https://spidersweb.pl/bizblog/emisja-co2-samochody/
62,https://spidersweb.pl/bizblog/czyste-powietrze-banki/
63,https://spidersweb.pl/bizblog/dziura-ozonowa-zmiany-klimatu/
64,https://spidersweb.pl/bizblog/temperatura-polska-rekord-globalne-ocieplenie/
65,https://spidersweb.pl/bizblog/jakosc-powietrza-w-polsce/
66,https://spidersweb.pl/bizblog/smog-raport-nowy-sacz/
67,https://spidersweb.pl/bizblog/e-auta-w-europie-raport/
68,https://spidersweb.pl/bizblog/zmiany-klimatu-punkt-zwrotny/
69,https://spidersweb.pl/bizblog/turow-zadania-czechow/
70,https://spidersweb.pl/bizblog/polacy-pozew-zmiany-klimatu/
71,https://spidersweb.pl/bizblog/karny-kopciuch-wymiana-pieca/
72,https://spidersweb.pl/bizblog/upaly-globalne-ocieplenie-2021-2025/
73,https://spidersweb.pl/bizblog/raport-ember-powietrze-w-europie/
74,https://spidersweb.pl/bizblog/czyste-powietrze-sad-najwyzszy/
75,https://spidersweb.pl/bizblog/shell-sad-emisja-co2/
76,https://spidersweb.pl/bizblog/paliwa-kopalne-raport-iea/
77,https://spidersweb.pl/bizblog/uber-kalifornia-samochody-elektryczne/
78,https://spidersweb.pl/bizblog/program-czyste-powietrze-zmiany-3/
79,https://spidersweb.pl/bizblog/czyste-powietrze-piece-weglowe/
80,https://spidersweb.pl/bizblog/nowy-cel-klimatyczny-ue/
81,https://spidersweb.pl/bizblog/metan-redukcja-emisji/
82,https://spidersweb.pl/bizblog/polityka-klimatyczna-niemiec/
83,https://spidersweb.pl/bizblog/emisje-co2-transport-apel/
84,https://spidersweb.pl/bizblog/the-north-face-uzywana-odziez-recykling/
85,https://spidersweb.pl/bizblog/ekogroszek-prawnicy-dla-ziemi/
86,https://spidersweb.pl/bizblog/wegiel-duda-szczyt-klimatyczny/
87,https://spidersweb.pl/bizblog/piwo-przyszlosci-bedzie-drogie/
88,https://spidersweb.pl/bizblog/szczyt-klimatyczny-duda/
89,https://spidersweb.pl/bizblog/budzet-weglowy-ue/
90,https://spidersweb.pl/bizblog/turow-pge-pretensje-do-chechow/
91,https://spidersweb.pl/bizblog/polityka-klimatyczna-polska-raport/
92,https://spidersweb.pl/bizblog/sprzedaz-aut-spalinowych-ankieta/
93,https://spidersweb.pl/bizblog/chiny-bitcoin-cel-klimatyczny/
94,https://spidersweb.pl/bizblog/emisja-co2-truciciele-ue/
95,https://spidersweb.pl/bizblog/podatek-od-plastiku-cukrowy-ceny-napojow/
96,https://spidersweb.pl/bizblog/stop-smog-druga-edycja-nabor/
97,https://spidersweb.pl/bizblog/lasy-panstwowe-wycinka-ikea-jysk/
98,https://spidersweb.pl/bizblog/pojazdy-dostawcze-emisje-co2/
99,https://spidersweb.pl/bizblog/smog-krakow-raport-ecac/
100,https://spidersweb.pl/bizblog/czyste-powietrze-europa-raport/
101,https://spidersweb.pl/bizblog/czyste-powietrze-osiem-bankow/
102,https://spidersweb.pl/bizblog/smog-raport-wymiana-piecow/
103,https://spidersweb.pl/bizblog/smog-gminy-warszawa/
104,https://spidersweb.pl/bizblog/turow-czesi-przesadzaja/
105,https://spidersweb.pl/bizblog/greta-krytykuje-joe-bidena-za-kryzys-klimatyczny/
106,https://spidersweb.pl/bizblog/ekogroszek-uokik/
107,https://spidersweb.pl/bizblog/gospodarka-odpadami-brak-kasy/
108,https://spidersweb.pl/bizblog/segregacja-smieci-gminy-kary/
109,https://spidersweb.pl/bizblog/ekogroszek-badania-naukowcow/
110,https://spidersweb.pl/bizblog/umowa-partnerska-klimat-krytyka/
111,https://spidersweb.pl/bizblog/wal-na-granicy-z-czechami/
112,https://spidersweb.pl/bizblog/turow-czesi-skarza-polske-tsue/
113,https://spidersweb.pl/bizblog/smog-opinia-polakow/
114,https://spidersweb.pl/bizblog/sztuczna-inteligencja-klimat/
115,https://spidersweb.pl/bizblog/turow-polsko-czeska-komisja/
116,https://spidersweb.pl/bizblog/autobusy-na-gaz-list-premier/
117,https://spidersweb.pl/bizblog/mur-ziemny-turow/
118,https://spidersweb.pl/bizblog/redukcja-emisji-co2-blackrock/
119,https://spidersweb.pl/bizblog/bill-gates-klimat/
120,https://spidersweb.pl/bizblog/turow-rozmowy-z-czechami/
121,https://spidersweb.pl/bizblog/kopciuchy-sprzedaz-kontrola-uokik/
122,https://spidersweb.pl/bizblog/czyste-powietrze-z-bankami/
123,https://spidersweb.pl/bizblog/granty-ekologiczne-pg/
124,https://spidersweb.pl/bizblog/klimatyczna-bzdura-roku-2020-pge/
125,https://spidersweb.pl/bizblog/podatek-plastik-recykling-rop/
126,https://spidersweb.pl/bizblog/turow-niemcy-skarza-polske-przed-ke/
127,https://spidersweb.pl/bizblog/porozumienie-paryskie-biden/
128,https://spidersweb.pl/bizblog/inwestycje-zielona-energia-mbank/
129,https://spidersweb.pl/bizblog/arcelormittal-kamera-smog/
130,https://spidersweb.pl/bizblog/klimat-25-lat-wiezienia/
131,https://spidersweb.pl/bizblog/zamrozenie-cen-smieci-ustawa/
132,https://spidersweb.pl/bizblog/turow-czesi-zaskarza-polske-przed-tsue/
133,https://spidersweb.pl/bizblog/klimat-polska-bez-strategii/
134,https://spidersweb.pl/bizblog/smog-wroclaw-trzeci-na-swiecie/
135,https://spidersweb.pl/bizblog/smog-inwestycje-ranking-miast/
136,https://spidersweb.pl/bizblog/nowy-cel-klimatyczny-emisja-co2/
137,https://spidersweb.pl/bizblog/wycinka-drzew-polska-przed-tsue/
138,https://spidersweb.pl/bizblog/pozegnanie-z-weglem-czechy/
139,https://spidersweb.pl/bizblog/szczyt-ambicji/
140,https://spidersweb.pl/bizblog/metan-emisja-polska-europa/
141,https://spidersweb.pl/bizblog/kryzys-klimatyczny-na-grafikach/
142,https://spidersweb.pl/bizblog/arktyka-globalne-ocieplenie-usa/
143,https://spidersweb.pl/bizblog/redukcja-emisji-co2-komisja-europejska/
144,https://spidersweb.pl/bizblog/emisje-co2-hybrydy-typu-plug-in/
145,https://spidersweb.pl/bizblog/klimat-g20-raport/
146,https://spidersweb.pl/bizblog/smog-bez-kontroli-bo-covid/
147,https://spidersweb.pl/bizblog/ember-polska-kopciuchem-europy/
148,https://spidersweb.pl/bizblog/porozumienie-paryskie-usa-wybory/
149,https://spidersweb.pl/bizblog/oplata-klimatyczna-a-smog/
150,https://spidersweb.pl/bizblog/nowa-kopalnia-w-rybniku-2/
151,https://spidersweb.pl/bizblog/cena-emisji-co2-spada/
152,https://spidersweb.pl/bizblog/nowy-zielony-lad-nie-dziala/
153,https://spidersweb.pl/bizblog/pg-butelki-aluminium-wielokrotne-napelnianie/
154,https://spidersweb.pl/bizblog/zanieczyszczenie-powietrza-raportkoszty/
155,https://spidersweb.pl/bizblog/zmiany-w-programie-czyste-powietrze/
156,https://spidersweb.pl/bizblog/dno-baltyku-wojna-sprzatanie-niemcow/
157,https://spidersweb.pl/bizblog/redukcja-emisji-co2-veto-rzadu/
158,https://spidersweb.pl/bizblog/redukcja-emisji-co2-na-drogach/
159,https://spidersweb.pl/bizblog/redukcja-emisji-co2-bank-hsbc/
160,https://spidersweb.pl/bizblog/wrzesien-najcieplejszy-w-historii/
161,https://spidersweb.pl/bizblog/nowy-cel-redukcji-co2/
162,https://spidersweb.pl/bizblog/zielone-slaskie-strategia-dla-regionu/
163,https://spidersweb.pl/bizblog/dotacje-auta-firmowe-hipokryzja-rzadow/
164,https://spidersweb.pl/bizblog/smog-malopolska-nowe-przepisy/
165,https://spidersweb.pl/bizblog/deloitte-raport-globalne-ocieplenie/
166,https://spidersweb.pl/bizblog/chiny-neutralnosc-klimatyczna/
167,https://spidersweb.pl/bizblog/raport-deloitte-globalne-ocieplenie/
168,https://spidersweb.pl/bizblog/kotly-na-paliwa-stale-kontrole/
169,https://spidersweb.pl/bizblog/airbus-wodor-zeroe/
170,https://spidersweb.pl/bizblog/polski-pakt-plastikowy-fundacji-ellen-macarthur/
171,https://spidersweb.pl/bizblog/recykling-plastiku-wielkim-oszustwem/
172,https://spidersweb.pl/bizblog/ets-emisje-w-transporcie-morskim/
173,https://spidersweb.pl/bizblog/nowy-cel-klimatyczny-dla-ue-do-2030/
174,https://spidersweb.pl/bizblog/przyroda-dewastowana-przez-czliowieka/
175,https://spidersweb.pl/bizblog/zanieczyszczenie-powietrza-a-liczba-zgonow/
176,https://spidersweb.pl/bizblog/biedronka-plastik/
177,https://spidersweb.pl/bizblog/pakiet-klimatyczny-grupa-ekspertow/
178,https://spidersweb.pl/bizblog/ets-nowy-pakiet-klimatyczny/
179,https://spidersweb.pl/bizblog/arktyka-pozary-rekordowa-emisja-co2/
180,https://spidersweb.pl/bizblog/tworzywa-sztuczne-raport/
181,https://spidersweb.pl/bizblog/smog-malopolska-program-ochrony-powietrza/
182,https://spidersweb.pl/bizblog/program-ochrony-powietrza-malopolska/
183,https://spidersweb.pl/bizblog/emisja-co2-podroze-i-zakupy/
184,https://spidersweb.pl/bizblog/wysokie-temperatury-gospodarka/
185,https://spidersweb.pl/bizblog/arktyka-rosja-srodowisko/
186,https://spidersweb.pl/bizblog/metan-antarktyda-globalne-ocieplenie/
187,https://spidersweb.pl/bizblog/smog-podpasie-bez-uchwaly/
188,https://spidersweb.pl/bizblog/lewacka-ekologia-franciszek-laudato-si/
189,https://spidersweb.pl/bizblog/energia-z-wegla-polska-liderem/
190,https://spidersweb.pl/bizblog/pg-klimat-emisje-ambition-2030/
191,https://spidersweb.pl/bizblog/paliwa-kopalne-niemcy-naklady/
192,https://spidersweb.pl/bizblog/syberia-ropa-globalne-ocieplenie/
193,https://spidersweb.pl/bizblog/fundusz-modernizacyjny/
194,https://spidersweb.pl/bizblog/kryzys-klimatyczny-raport-wef/
195,https://spidersweb.pl/bizblog/paliwa-kopalne-w-odstawke/
196,https://spidersweb.pl/bizblog/globalne-ocieplenie-uderzy-w-gospodarke/
197,https://spidersweb.pl/bizblog/zmiany-klimatu-udusza-ryby/
198,https://spidersweb.pl/bizblog/senat-komisja-zadba-o-klimat/
199,https://spidersweb.pl/bizblog/szwecja-finlandia-wycinaja-lasy/
200,https://spidersweb.pl/bizblog/moja-woda-recepta-na-susze/
201,https://spidersweb.pl/bizblog/smog-pod-lupa-google-i-aclima/
202,https://spidersweb.pl/bizblog/ikea-meble-ekohipokryzja/
203,https://spidersweb.pl/bizblog/elektrownia-turow/
204,https://spidersweb.pl/bizblog/redukcja-emisji-co2-raport/
205,https://spidersweb.pl/bizblog/zielone-plaze-piasku-sposob-na-co2/
206,https://spidersweb.pl/bizblog/akumulator-zielona-rewolucja/
207,https://spidersweb.pl/bizblog/emisja-gazow-kryzys-klimatyczny/
208,https://spidersweb.pl/bizblog/paliwa-kopalne-odpis-udzialow-bp/
209,https://spidersweb.pl/bizblog/emisja-co2-znowu-rosnie/
210,https://spidersweb.pl/bizblog/pandemia-ekologiczna/
211,https://spidersweb.pl/bizblog/lasy-odmrazanie-gospodarki/
212,https://spidersweb.pl/bizblog/mozna-panikowac-globalne-ocieplenie-szymon-malinowski/
213,https://spidersweb.pl/bizblog/cop26-zmiana-terminu/
214,https://spidersweb.pl/bizblog/program-czyste-powietrze-donos/
215,https://spidersweb.pl/bizblog/morski-elektrowni-wiatr-rekord/
216,https://spidersweb.pl/bizblog/emisja-co2-koronawirus/
217,https://spidersweb.pl/bizblog/program-czyste-powietrze-zmiany-2/
218,https://spidersweb.pl/bizblog/finlandia-snieg-koronawirus/
219,https://spidersweb.pl/bizblog/zmiany-klimatyczne-badania/
220,https://spidersweb.pl/bizblog/recykling-limity-kara/
221,https://spidersweb.pl/bizblog/susza-koronawirus-wstep-do-lasu/
222,https://spidersweb.pl/bizblog/koronawirus-szarancza-afryka/
223,https://spidersweb.pl/bizblog/tiry-na-tory-volvo-pkp-cargo/
224,https://spidersweb.pl/bizblog/system-handlu-emisjami-koronawirus/
225,https://spidersweb.pl/bizblog/lotniska-paryz-slonce-zielona-energie/
226,https://spidersweb.pl/bizblog/ciepla-zima-europa-rekord/
227,https://spidersweb.pl/bizblog/koronawirus-emisja-co2/
228,https://spidersweb.pl/bizblog/ekologia-co2-carlsberg/
229,https://spidersweb.pl/bizblog/takecup-startup-kaucyjny/
230,https://spidersweb.pl/bizblog/zamienniki-miesa-z-niderlandow/
231,https://spidersweb.pl/bizblog/grenlandia-woda-lodowce/
232,https://spidersweb.pl/bizblog/polityka-klimatyczna-polski/
233,https://spidersweb.pl/bizblog/jeff-bezos-klimat-fundacja/
234,https://spidersweb.pl/bizblog/kopalnia-zloczew-koncesja/
235,https://spidersweb.pl/bizblog/tesla-sad-wycinka-drzew/
236,https://spidersweb.pl/bizblog/superkomputer-klimat-pogoda/
237,https://spidersweb.pl/bizblog/spadek-emisji-co2/
238,https://spidersweb.pl/bizblog/airbus-maveric-dwutlenek-wegla/
239,https://spidersweb.pl/bizblog/susza-ceny-warzyw-i-owocow/
240,https://spidersweb.pl/bizblog/czyste-powietrze-program-krakow-zmiany/
241,https://spidersweb.pl/bizblog/miliarder-globalne-ocieplenie-elon-musk-catl/
242,https://spidersweb.pl/bizblog/greta-zaszachowala-przeciwnikow-patentuje-swoje-imie/
243,https://spidersweb.pl/bizblog/pgnig-czyste-powietrze/
244,https://spidersweb.pl/bizblog/tesla-auta-sluzbowe-niemcy/
245,https://spidersweb.pl/bizblog/smog-stan-kleski-zywiolowej/
246,https://spidersweb.pl/bizblog/notes-firmy-karst-kamienny-papier/
247,https://spidersweb.pl/bizblog/inwestycje-gazowe-w-europie/
248,https://spidersweb.pl/bizblog/credit-agricol-ekologia/
249,https://spidersweb.pl/bizblog/susza-brak-wody-w-polsce/
250,https://spidersweb.pl/bizblog/list-do-premiera-ws-ogorkow/
251,https://spidersweb.pl/bizblog/hipokryzja-klimatyczna-greenpeace/
252,https://spidersweb.pl/bizblog/diesel-historia-upadku/
253,https://spidersweb.pl/bizblog/zielony-lad-pol-biliona-euro/
254,https://spidersweb.pl/bizblog/australian-open-smog/
255,https://spidersweb.pl/bizblog/microsoft-klimat-wegiel/
256,https://spidersweb.pl/bizblog/rossmann-opakowania-rewolucja/
257,https://spidersweb.pl/bizblog/smog-komunikacyjny-krakow/
258,https://spidersweb.pl/bizblog/zielony-lad-dla-europy-potrzebuje-pieniedzy/
259,https://spidersweb.pl/bizblog/greta-thunberg-flygskam/
260,https://spidersweb.pl/bizblog/smog-katowice-straz-miejska/
261,https://spidersweb.pl/bizblog/smog-propozycje-polskiego-alarmu-smogowego/
262,https://spidersweb.pl/bizblog/oplaty-za-smieci-ochrona-klimatu/
263,https://spidersweb.pl/bizblog/afryka-emisja-co2-metan/
264,https://spidersweb.pl/bizblog/transformacja-energetyczna-slask/
265,https://spidersweb.pl/bizblog/roundup-zakaz-stosowania-laser/
266,https://spidersweb.pl/bizblog/wywoz-odpadow-samorzady/
267,https://spidersweb.pl/bizblog/lukasz-kohut-rezolucja-klimatyczna/
268,https://spidersweb.pl/bizblog/rybnik-pozegnanie-z-weglem/
269,https://spidersweb.pl/bizblog/zuzanna-borowska-cop25/
270,https://spidersweb.pl/bizblog/smog-malopolska-krakow/
271,https://spidersweb.pl/bizblog/forum-energii-cieplownictwo-raport/
272,https://spidersweb.pl/bizblog/grzegorz-tobiszowski-klimat-ue/
273,https://spidersweb.pl/bizblog/transport-emisje-prywatne-busy/
274,https://spidersweb.pl/bizblog/dekarbonizacja-biomasa-zamiast-wegla/
275,https://spidersweb.pl/bizblog/madryt-cop25-bez-porozumienia/
276,https://spidersweb.pl/bizblog/grenlandia-topnienie-lodu/
277,https://spidersweb.pl/bizblog/neutralnosc-klimatyczna-bez-polski/
278,https://spidersweb.pl/bizblog/europejski-zielony-lad/
279,https://spidersweb.pl/bizblog/smog-przekroczone-normy/
280,https://spidersweb.pl/bizblog/europejski-bank-klimatyczny/
281,https://spidersweb.pl/bizblog/europejski-zielony-lad-polskie-propozycje/
282,https://spidersweb.pl/bizblog/cena-wegla-emisje-co2/
283,https://spidersweb.pl/bizblog/redukcja-emisji-co2-koszty/
284,https://spidersweb.pl/bizblog/redukcja-emisji-co2-rynek-pracy/
285,https://spidersweb.pl/bizblog/recyklomaty-warszawa-nagrody/
286,https://spidersweb.pl/bizblog/emisja-dwutlenku-wegla-rekord/
287,https://spidersweb.pl/bizblog/parlament-europejski-siedziba-klimat/
288,https://spidersweb.pl/bizblog/linkedin-z-eko-betonu-startup-carboncure/
289,https://spidersweb.pl/bizblog/ets-z-metan-wegiel/
290,https://spidersweb.pl/bizblog/szczyt-klimatyczny-madryt-cop25/
291,https://spidersweb.pl/bizblog/smog-sztuczna-inteligencja/
292,https://spidersweb.pl/bizblog/zmiany-klimatu-glosowanie-pe/
293,https://spidersweb.pl/bizblog/smog-zakaz-palenia-krakow-tarnow/
294,https://spidersweb.pl/bizblog/smog-sejm-zieloni/
295,https://spidersweb.pl/bizblog/stezenie-gazow-cieplarnianych-rekord/
296,https://spidersweb.pl/bizblog/bayer-pozew-roundup-kanada/
297,https://spidersweb.pl/bizblog/easyjet-emisja-dwutlenek-wegla/
298,https://spidersweb.pl/bizblog/coldplay-odwoluje-trase-koncertowa-everyday-life/
299,https://spidersweb.pl/bizblog/wydobywanie-wegla-niechlubne-miejsce-polski/
300,https://spidersweb.pl/bizblog/ceny-pradu-podwyzka-od-nowego-roku/
301,https://spidersweb.pl/bizblog/oplaty-za-smieci-podwyzki/
302,https://spidersweb.pl/bizblog/carrefour-bio-warszawa/
303,https://spidersweb.pl/bizblog/michal-kurtyka-minister-klimat-wegiel/
304,https://spidersweb.pl/bizblog/heineken-plastik/
305,https://spidersweb.pl/bizblog/ministerstwo-ds-klimatu/
306,https://spidersweb.pl/bizblog/pzu-wegiel-zmiany-klimatu/
307,https://spidersweb.pl/bizblog/kryzys-klimatyczny-naukowcy-cierpienie/
308,https://spidersweb.pl/bizblog/rzym-diesel/
309,https://spidersweb.pl/bizblog/budowa-drog-w-polsce-asfalt-z-plastiku/
310,https://spidersweb.pl/bizblog/hm-klimat-karl-johan-persson/
311,https://spidersweb.pl/bizblog/warszawa-wegiel-smog/
312,https://spidersweb.pl/bizblog/smog-miasta-w-polsce/
313,https://spidersweb.pl/bizblog/smog-pomorskie-sopot/
314,https://spidersweb.pl/bizblog/czyste-powietrze-komisja-europejska-2/
315,https://spidersweb.pl/bizblog/michal-solowow-elektrownia-atomowa/
316,https://spidersweb.pl/bizblog/hm-uzywane-ubrania/
317,https://spidersweb.pl/bizblog/podatek-weglowy-podwyzki-cen/
318,https://spidersweb.pl/bizblog/elektrownia-ostroleka-awaria-olej/
319,https://spidersweb.pl/bizblog/atom-francja-nowe-reaktory/
320,https://spidersweb.pl/bizblog/smog-nowelizacja-przepisow/
321,https://spidersweb.pl/bizblog/smog-skawina-krakow/
322,https://spidersweb.pl/bizblog/zywiec-zdroj-plastik/
323,https://spidersweb.pl/bizblog/pakiet-klimatyczny-niemcy-neutralnosc-klimatyczna/
324,https://spidersweb.pl/bizblog/wysypisko-smieci-piekary-slaskie/
325,https://spidersweb.pl/bizblog/smog-miasta-raport/
326,https://spidersweb.pl/bizblog/smog-zakaz-palenia-krakow-airly/
327,https://spidersweb.pl/bizblog/wyzsze-temperatury-rekord/
328,https://spidersweb.pl/bizblog/smog-w-polsce-poziom-alarmu/
329,https://spidersweb.pl/bizblog/neutralnosc-klimatyczna-polska-estonia-ke/
330,https://spidersweb.pl/bizblog/balice-nowy-pas-startowy/
331,https://spidersweb.pl/bizblog/plastik-z-herbaty-naukowcy/
332,https://spidersweb.pl/bizblog/orsted-haliade-x-energia-wiatrowa/
333,https://spidersweb.pl/bizblog/prawnicy-dla-ziemi-belchatow-co2/
334,https://spidersweb.pl/bizblog/czyste-powietrze-smog-efekty-programu/
335,https://spidersweb.pl/bizblog/ursula-von-der-leyen-timmermans-klimat/
336,https://spidersweb.pl/bizblog/oze-rzad-zmienia-zdanie/
337,https://spidersweb.pl/bizblog/neutralnosc-klimatyczna-polski-przemysl/
338,https://spidersweb.pl/bizblog/algi-sinice-zmiany-klimatu/
339,https://spidersweb.pl/bizblog/globalne-ocieplenie-problemy-psychiczne/
340,https://spidersweb.pl/bizblog/zalando-torby-skandynawia-polska/
341,https://spidersweb.pl/bizblog/miliardy-na-wielka-plyte/
342,https://spidersweb.pl/bizblog/tlenki-azotu-paryz-diesel/
343,https://spidersweb.pl/bizblog/czyste-powietrze-komisja-europejska/
344,https://spidersweb.pl/bizblog/zalando-opakowania-plastik/
345,https://spidersweb.pl/bizblog/kary-za-zbieranie-grzybow/
346,https://spidersweb.pl/bizblog/zmiany-klimatyczne-zdrowie/
347,https://spidersweb.pl/bizblog/zakaz-palenia-weglem-drewnem-krakow-kara/
348,https://spidersweb.pl/bizblog/moj-prad-maly-budzet/
349,https://spidersweb.pl/bizblog/kopenhaga-stolica-emisja-co2/
350,https://spidersweb.pl/bizblog/smog-policja/
351,https://spidersweb.pl/bizblog/pozar-wysypisk-przepisy/
352,https://spidersweb.pl/bizblog/autobus-elektryczny-konsorcjum-spolek/
353,https://spidersweb.pl/bizblog/oplaty-za-smieci-podwyzki-uokik/
354,https://spidersweb.pl/bizblog/sanepid-fetor-nsa-wyrok/
355,https://spidersweb.pl/bizblog/mieszkania-philip-island-ochrona-pingwinow/
356,https://spidersweb.pl/bizblog/farmy-fotowoltaiczne-tauron/
357,https://spidersweb.pl/bizblog/lidl-halda-gornicza-bytom/
358,https://spidersweb.pl/bizblog/greta-thunberg-rejs-zmiany-klimatu/
359,https://spidersweb.pl/bizblog/zmiany-klimatu-zywnosc-na-swiecie/
360,https://spidersweb.pl/bizblog/emisja-co2-podatek-mieso/
361,https://spidersweb.pl/bizblog/wycinka-puszczy-amazonskiej/
362,https://spidersweb.pl/bizblog/poziom-gazow-rekord/
363,https://spidersweb.pl/bizblog/skup-butelek-bez-paragonow-poznan/
364,https://spidersweb.pl/bizblog/butelkomat-rzym-komunikacja/
365,https://spidersweb.pl/bizblog/unia-ekologiczna-zywnosc-oznaczenia/
366,https://spidersweb.pl/bizblog/carrefour-wojna-z-plastikiem/
367,https://spidersweb.pl/bizblog/czysta-polska-solorz/
368,https://spidersweb.pl/bizblog/bomby-ekologiczne-polskie-miasta/
369,https://spidersweb.pl/bizblog/dofinansowanie-dom-jednorodzinny/
370,https://spidersweb.pl/bizblog/ren-wysycha-niemcy/
371,https://spidersweb.pl/bizblog/enea-sad-ostroleka/
372,https://spidersweb.pl/bizblog/trujacy-odor-ustawa-antyodorowa/
373,https://spidersweb.pl/bizblog/czyste-powietrze-gminy-komisja-europejska/
374,https://spidersweb.pl/bizblog/dlug-ekologiczny-zasoby-ziemi-srodowisko/
375,https://spidersweb.pl/bizblog/segregacja-smieci-wytyczne-gminy/
