,zielonewiadomosci
0,https://zielonewiadomosci.pl/tematy/rolnictwo/czy-tereny-rolne-w-europie-moga-wesprzec-roznorodnosc-biologiczna/
1,https://zielonewiadomosci.pl/tematy/ekologia/korzenie-w-naturze-patogen-a-polityka-wobec-roznorodnosci-biologicznej/
2,https://zielonewiadomosci.pl/zw/zysk-kontra-natura-wyscig-z-czasem/
3,https://zielonewiadomosci.pl/tematy/ekologia/jak-kopalnia-wegla-brunatnego-janschwalde-wplywa-na-polskie-gminy/
4,https://zielonewiadomosci.pl/tematy/ekologia/wplyw-pandemii-covid-19-na-srodowisko/
5,https://zielonewiadomosci.pl/zw/nieodrobiona-lekcja-przyrody/
6,https://zielonewiadomosci.pl/tematy/ekologia/deklaracje-podczas-cop-26-i-rozwiane-nadzieje/
7,https://zielonewiadomosci.pl/news/znika-las-w-mateczniku-orla-przedniego/
8,https://zielonewiadomosci.pl/tematy/ekologia/ponad-3300-osob-zada-od-ministra-adamczyka-lepszej-ochrony-wody/
9,https://zielonewiadomosci.pl/tematy/feminizm/prawo-do-aborcji-i-sprawiedliwosc-reprodukcyjna/
10,https://zielonewiadomosci.pl/news/przepis-na-osmiornice-to-przepis-na-katastrofe/
11,https://zielonewiadomosci.pl/tematy/rolnictwo/polityka-ue-nie-jest-w-stanie-zapobiec-nadmiernemu-korzystaniu-z-zasobow-wodnych-przez-rolnikow/
12,https://zielonewiadomosci.pl/tematy/ekologia/tak-dla-ochrony-wody-nie-dla-przywilejow-wegla/
13,https://zielonewiadomosci.pl/tematy/ekologia/ponad-2-miliony-zlotych-dziennie-kary-za-wydobycie-wegla-w-turowie/
14,https://zielonewiadomosci.pl/tematy/ekologia/cyfrowa-kontrola-jak-big-tech-wkracza-do-sektora-rolno-spozywczego-i-co-to-oznacza/
15,https://zielonewiadomosci.pl/news/greenpeace-na-ratunek-lesnym-zapylaczom/
16,https://zielonewiadomosci.pl/tematy/polityka-krajowa/wytna-lasy-pod-polskie-elektryki-lex-izera-z-powrotem-sejmie/
17,https://zielonewiadomosci.pl/tematy/transport/feniks-w-krainie-weglowych-popiolow/
18,https://zielonewiadomosci.pl/tematy/ekologia/koszty-zanieczyszczen-ponosza-zbyt-czesto-europejscy-podatnicy-a-nie-podmioty-za-nie-odpowiedzialne/
19,https://zielonewiadomosci.pl/tematy/zwierzeta/komisja-europejska-zdecydowala-zakaz-hodowli-klatkowej/
20,https://zielonewiadomosci.pl/tematy/rolnictwo/wspolna-polityka-rolna-niszczy-klimat/
21,https://zielonewiadomosci.pl/zw/magiczne-technologie-mamia/
22,https://zielonewiadomosci.pl/news/ogromne-poparcie-parlamentu-europejskiego-dla-zakazu-hodowli-klatkowej-zwierzat-gospodarskich/
23,https://zielonewiadomosci.pl/news/czy-miedzynarodowa-komisja-ochroni-odre-przed-destrukcyjnym-dzialaniem-kopalni-odkrywkowych/
24,https://zielonewiadomosci.pl/zw/pis-najgoretszym-zwolennikiem-nowych-gmo-w-ue/
25,https://zielonewiadomosci.pl/tematy/energetyka/biomasa-lesna-rownie-zla-jak-wegiel/
26,https://zielonewiadomosci.pl/zw/euractiv-pl-janusz-wojciechowski-reforma-wspolnej-polityki-rolnej-to-szansa-dla-malych-i-srednich-gospodarstw/
27,https://zielonewiadomosci.pl/tematy/zwierzeta/czy-europoslowie-i-europoslanki-zrobia-cos-by-powstrzymac-kolejne-pandemie/
28,https://zielonewiadomosci.pl/tematy/rolnictwo/epidemia-ferm-przemyslowych-gorsza-od-epidemii-ptasiej-grypy/
29,https://zielonewiadomosci.pl/zw/nie-ma-zielonego-ladu-bez-rolnikow/
30,https://zielonewiadomosci.pl/news/brutalny-atak-na-osoby-protestujace-w-sprawie-utworzenia-turnickiego-parku-narodowego/
31,https://zielonewiadomosci.pl/tematy/rolnictwo/wspolna-polityka-rolna-do-kosza/
32,https://zielonewiadomosci.pl/tematy/polityka-krajowa/i-tak-sprywatyzuja-twoj-las-organizacje-i-ruchy-spoleczne-negatywnie-o-nowelizacji-ustawy-o-lasach/
33,https://zielonewiadomosci.pl/news/20-maja-swiatowy-dzien-pszczol/
34,https://zielonewiadomosci.pl/tematy/polityka-krajowa/spoleczna-mobilizacja-w-obronie-przyrody-wstrzymala-fatalny-projekt-nowelizacji-ustawy-o-lasach/
35,https://zielonewiadomosci.pl/zw/uwolnic-gmo/
36,https://zielonewiadomosci.pl/tematy/ekologia/model-zarzadzania-lasami-wymaga-gruntownej-zmiany/
37,https://zielonewiadomosci.pl/tematy/miasto-2/kapitalizm-machina-zaglady/
38,https://zielonewiadomosci.pl/tematy/ekologia/powiedzmy-stop-nowym-gmo-apel-do-polskich-ministrow/
39,https://zielonewiadomosci.pl/tematy/zwierzeta/bez-taniego-miesa-i-antybiotykow/
40,https://zielonewiadomosci.pl/tematy/ekologia/jak-trzeba-mozemy-i-szczekac-byle-uratowac-baltyk/
41,https://zielonewiadomosci.pl/tematy/energetyka/inwestycje-gazowe-wykluczone-z-listy-zrownowazonych-ale-unia-zgadza-sie-na-palenie-lasami-w-elektrowniach/
42,https://zielonewiadomosci.pl/tematy/ekologia/agroekologia-i-suwerennosc-zywnosciowa-droga-do-zrownowazonego-systemu-rolnego-i-sprawiedliwosci-spolecznej/
43,https://zielonewiadomosci.pl/zw/poparcie-komisji-europejskiej-dla-chowu-bezklatkowego/
44,https://zielonewiadomosci.pl/tematy/ekologia/zielona-rewolucja-billa-gatesa-szkodzi-klimatowi/
45,https://zielonewiadomosci.pl/news/ochrona-wod-i-bioroznorodnosci-w-krajowym-planie-odbudowy/
46,https://zielonewiadomosci.pl/news/niedobory-wody-wyzwanie-numer-jeden-dla-wielkopolski-wschodniej-i-belchatowa/
47,https://zielonewiadomosci.pl/news/podsumowanie-ogolnopolskiej-akcji-inicjatyw-spolecznych-wspolny-las/
48,https://zielonewiadomosci.pl/tematy/zwierzeta/deformacje-pasozyty-i-dewastacja-srodowiska-ukrytym-kosztem-hodowli-szkockiego-lososia/
49,https://zielonewiadomosci.pl/tematy/transport/organizacje-pozarzadowe-naukowcy-i-politycy-domagaja-sie-wstrzymania-planow-regulacji-odry/
50,https://zielonewiadomosci.pl/tematy/energetyka/socjalistyczne-monstrum-znow-zagraza-wisle/
51,https://zielonewiadomosci.pl/news/glifosat-w-kaszy-gryczanej-sonko/
52,https://zielonewiadomosci.pl/news/stopien-wloclawek-zrodlem-zimowych-powodzi-w-rejonie-plocka/
53,https://zielonewiadomosci.pl/tematy/zwierzeta/pierwsi-ludzie-zakazeni-nowym-wirusem-ptasiej-grypy/
54,https://zielonewiadomosci.pl/tematy/zwierzeta/ponad-140-naukowcow-wzywa-do-zakazu-hodowli-klatkowej-polska-nie-wykorzysta-dofinansowan-z-ue/
55,https://zielonewiadomosci.pl/tematy/transport/nie-dla-tranzytu-drogowego-przez-mazury-i-biebrzanski-park-narodowy/
56,https://zielonewiadomosci.pl/tematy/rolnictwo/zywnosc/wegezerca-czy-miesozerca/
57,https://zielonewiadomosci.pl/tematy/ekologia/ekologia-przyroda/pasy-kwietne-w-rolnictwie/
58,https://zielonewiadomosci.pl/tematy/zwierzeta/czuje-wiec-cierpie/
59,https://zielonewiadomosci.pl/tematy/zwierzeta/wielka-rodzina/
60,https://zielonewiadomosci.pl/tematy/zwierzeta/ludzie-delfiny-i-inne-osoby-o-relacjach-miedzygatunkowych/
61,https://zielonewiadomosci.pl/tematy/ekologia/czerwona-lista-ptakow-polski-2021/
62,https://zielonewiadomosci.pl/tematy/ekologia/zaproszenie-wyklady-otwarte-agro-perma-lab-nasiona/
63,https://zielonewiadomosci.pl/tematy/miasto-2/odzyskiwanie-kontroli-przyszlosc-uslug-publicznych-w-europie/
64,https://zielonewiadomosci.pl/zw/zdrowie-i-srodowisko-polaczone-w-agroekologicznej-europie/
65,https://zielonewiadomosci.pl/tematy/ekologia/zaproszenie-ekologiczna-akademia-kobiet/
66,https://zielonewiadomosci.pl/tematy/miasto-2/przestrzenie-do-zycia-dla-wszystkich-koronawirus-i-miasto/
67,https://zielonewiadomosci.pl/tematy/ekologia/czy-ue-bedzie-finansowac-niszczenie-odry/
68,https://zielonewiadomosci.pl/news/protest-przeciwko-planom-budowy-linii-kolejowej-dla-cpk/
69,https://zielonewiadomosci.pl/tematy/rolnictwo/woda-w-rolnictwie/
70,https://zielonewiadomosci.pl/tematy/ekologia/jakosc-powietrza-w-europie-2020/
71,https://zielonewiadomosci.pl/tematy/ekologia/apel-poslow-europarlamentarzystow-i-organizacji-pozarzadowych-ws-powstrzymania-kopalni-turow-przed-odbieraniem-wody-ludziom-i-przyrodzie/
72,https://zielonewiadomosci.pl/news/domagaja-sie-niezaleznego-przegladu-projektu-rozwoju-odry/
73,https://zielonewiadomosci.pl/tematy/ekologia/zaproszenie-szkolenie-agro-perma-lab-nasiona/
74,https://zielonewiadomosci.pl/tematy/ekologia/parlament-europejski-zadaje-cios-reformie-wspolnej-polityki-rolnej/
75,https://zielonewiadomosci.pl/tematy/ekologia/ministrze-zdrowia-ministrze-klimatu-zatrzymajcie-wspolnie-odpady/
76,https://zielonewiadomosci.pl/publikacje/zaproszenia-publikacje/swiatowy-dzien-migracji-ryb/
77,https://zielonewiadomosci.pl/tematy/ekologia/nasiona-w-rekach-ludzi-ludzie-w-rekach-nasion/
78,https://zielonewiadomosci.pl/tematy/rolnictwo/wezwanie-o-reforme-wspolnej-polityki-rolnej-list-otwarty/
79,https://zielonewiadomosci.pl/tematy/energetyka/wolny-rynek-nie-zbawi-swiata/
80,https://zielonewiadomosci.pl/tematy/ekologia/mysliwi-nie-beda-mogli-strzelac-olowiana-amunicja/
81,https://zielonewiadomosci.pl/tematy/rolnictwo/pierwszy-dostepny-test-do-wykrywania-nowego-gmo/
82,https://zielonewiadomosci.pl/tematy/ekologia/la-via-campesina-w-dzialaniu-na-rzecz-sprawiedliwosci-klimatycznej/
83,https://zielonewiadomosci.pl/tematy/ekologia/czarnowidztwo-albo-zaprzeczenie-czy-jest-inna-droga/
84,https://zielonewiadomosci.pl/tematy/ekologia/wakacyjna-pocztowka-od-inicjatywy-dzikie-karpaty/
85,https://zielonewiadomosci.pl/tematy/ekologia/ptasia-dolina/
86,https://zielonewiadomosci.pl/tematy/ekologia/spotkanie-online-z-dahrem-jamailem-autorem-ksiazki-koniec-lodu/
87,https://zielonewiadomosci.pl/tematy/polityka-krajowa/powodz-list-koalicji-ratujmy-rzeki/
88,https://zielonewiadomosci.pl/tematy/obywatele/sciezka-poza-wymieranie-i-ucieczke-powrot-do-ziemi-regeneracja-i-dzielenie-sie/
89,https://zielonewiadomosci.pl/tematy/energetyka/sejm-za-paleniem-polskimi-lasami-w-piecach-elektrowni/
90,https://zielonewiadomosci.pl/tematy/ekologia/nie-palcie-naszych-lasow-protest-pod-sejmem-przeciw-zmianie-ustawy-o-odnawialnych-zrodlach-energii/
91,https://zielonewiadomosci.pl/news/konkurs-na-najtroskliwszy-ogrod-permakultury/
92,https://zielonewiadomosci.pl/tematy/ekologia/zachem-bomba-ekologiczna/
93,https://zielonewiadomosci.pl/tematy/ekologia/tajemnicze-wymieranie-sloni-w-botswanie/
94,https://zielonewiadomosci.pl/tematy/ekologia/rolnictwo-cyfrowe-za-i-przeciw/
95,https://zielonewiadomosci.pl/news/najwazniejsze-narzedzie-ochrony-wod-w-ue-nie-ulegnie-oslabieniu/
96,https://zielonewiadomosci.pl/zw/co-proponuje-nam-strategia-od-pola-do-stolu/
97,https://zielonewiadomosci.pl/tematy/ekologia/na-czasy-pandemii-rolnictwo-wspierane-przez-spolecznosc/
98,https://zielonewiadomosci.pl/tematy/ekologia/cyfryzacja-przyszlosc-rolnictwa/
99,https://zielonewiadomosci.pl/tematy/energetyka/prawnicy-apeluja-o-odstapienie-od-budowy-kopalni-zloczew/
100,https://zielonewiadomosci.pl/tematy/ekologia/posle-poslanko-czy-polujesz/
101,https://zielonewiadomosci.pl/tematy/obywatele/szkolenie-liderow-agroekologii-agropermalab/
102,https://zielonewiadomosci.pl/tematy/ekologia/wyobraz-sobie-czysty-zdrowy-baltyk/
103,https://zielonewiadomosci.pl/tematy/ekologia/nowa-strategia-od-pola-do-stolu/
104,https://zielonewiadomosci.pl/zw/o-zywnosci-czas-na-zmiane-od-pola-do-stolu/
105,https://zielonewiadomosci.pl/tematy/zwierzeta/poprawa-dobrostanu-kur-niosek-ranking-sieci-sklepow/
106,https://zielonewiadomosci.pl/tematy/kultura/aktywizm-humanistyczny/
107,https://zielonewiadomosci.pl/tematy/zwierzeta/prawa-zwierzat-a-wspolna-polityka-rolna/
108,https://zielonewiadomosci.pl/tematy/ekologia/co-naukowcy-mowia-politykom-apel-o-zmiany-we-wspolnej-polityce-rolnej/
109,https://zielonewiadomosci.pl/tematy/ekologia/apel-koalicji-zywa-ziemia-do-rolnikow-i-konsumentow/
110,https://zielonewiadomosci.pl/tematy/ekologia/nie-ma-nie-ma-wody-na-pustyni-agroekologiczne-metody-gospodarowania-woda/
111,https://zielonewiadomosci.pl/zw/czy-zabraknie-nam-wody/
112,https://zielonewiadomosci.pl/tematy/ekologia/akcja-greenpeace-przed-kprm-powrot-do-normalnoscikryzys/
113,https://zielonewiadomosci.pl/tematy/ekologia/rolnictwo-i-zywnosc/178-mln-euro-mniej-na-rolnictwo-ekologiczne-w-polsce/
114,https://zielonewiadomosci.pl/tematy/polityka-lokalna/wycinka-w-cieniu-koronawirusa-list-otwarty-w-sprawie-gory-chelmskiej/
115,https://zielonewiadomosci.pl/news/mysliwi-nie-wejda-do-lasu/
116,https://zielonewiadomosci.pl/tematy/ekologia/wirus-nie-zwalczy-zmian-klimatu/
117,https://zielonewiadomosci.pl/tematy/ekologia/tutaj-i-gotowi-znaczenie-chlopskiego-rolnictwa-w-kontekscie-covid-19/
118,https://zielonewiadomosci.pl/tematy/polityka-krajowa/czy-panstwo-uratuje-male-gospodarstwa-dzieki-nim-mamy-zywnosc-bez-szkody-dla-srodowiska/
119,https://zielonewiadomosci.pl/tematy/energetyka/cicha-koncesja-dla-kontrowersyjnej-odkrywki-turow/
120,https://zielonewiadomosci.pl/tematy/ekologia/szczepionka-na-koronawirusa-bioroznorodnosc-i-walka-ze-zmiana-klimatu/
121,https://zielonewiadomosci.pl/tematy/ekologia/kryzys-klimatyczny-zmusza-nas-do-pytania-czemu-poswiecic-nasze-zycie/
122,https://zielonewiadomosci.pl/tematy/ekologia/greenpeace-pozywa-pge-za-zmiany-klimatu-koncern-musi-odejsc-od-wegla-do-2030-r/
123,https://zielonewiadomosci.pl/tematy/ekologia/swiatowy-raport-atom-nie-jest-odpowiedzia-na-zmiane-klimatu/
124,https://zielonewiadomosci.pl/tematy/obywatele/skromna-obfitosc-slowo-o-postwzroscie/
125,https://zielonewiadomosci.pl/tematy/zwierzeta/w-cieniu-obor-chlewni-i-kurnikow-hodowla-zwierzat-a-klimat/
126,https://zielonewiadomosci.pl/tematy/obywatele/inicjatywa-dzikie-karpaty-w-obronie-karpackich-lasow-naturalnych/
127,https://zielonewiadomosci.pl/tematy/obywatele/bez-wspolpracy-ze-spoleczenstwem-nie-bedzie-zmian/
128,https://zielonewiadomosci.pl/tematy/ekologia/nie-ma-spolecznego-poparcia-dla-ferm-przemyslowych/
129,https://zielonewiadomosci.pl/tematy/ekologia/planeta-pyta-jaka-zywnosc-na-xxi-wiek/
130,https://zielonewiadomosci.pl/tematy/ekologia/dlaczego-musimy-zakonczyc-etap-wielkoobszarowego-przemyslowego-rolnictwa/
131,https://zielonewiadomosci.pl/tematy/ekologia/drzewa-i-lasy-w-obliczu-rewolucyjnych-zmian-klimatu/
132,https://zielonewiadomosci.pl/tematy/zwierzeta/dzika-strona-europy/
133,https://zielonewiadomosci.pl/tematy/ekologia/koniec-zabijania-polskich-rzek/
134,https://zielonewiadomosci.pl/tematy/ekologia/rolnictwo-i-zywnosc/nie-tylko-od-rolnikow-zalezy-co-mamy-na-talerzu/
135,https://zielonewiadomosci.pl/tematy/ekologia/wycinka-w-projektowanych-rezerwatach-przyrody/
136,https://zielonewiadomosci.pl/tematy/ekologia/generali-czas-pozegnac-sie-z-weglem/
137,https://zielonewiadomosci.pl/tematy/rolnictwo/macedonia-polnocna-kraj-szczesliwych-krow-i-owiec/
138,https://zielonewiadomosci.pl/zw/komisarz-nadzieja/
139,https://zielonewiadomosci.pl/zw/dieta-cud-czyli-dlaczego-duszone-warzywa-sa-super-a-duszona-cielecina-juz-nie/
140,https://zielonewiadomosci.pl/tematy/ekologia/czy-ekofeminizm-uratuje-swiat/
141,https://zielonewiadomosci.pl/tematy/ekologia/owady-odchodza-w-ciszy/
142,https://zielonewiadomosci.pl/tematy/ekologia/ekowyborco-czy-wiesz-co-polskie-partie-ci-proponuja/
143,https://zielonewiadomosci.pl/tematy/ekologia/erzac/
144,https://zielonewiadomosci.pl/tematy/ekologia/smutek-bywa-dobry/
145,https://zielonewiadomosci.pl/tematy/ekologia/jak-firmy-wycofuja-jaja-z-hodowli-klatkowej/
146,https://zielonewiadomosci.pl/tematy/ekologia/epidemiczne-oddzialywanie-ferm-przemyslowych/
147,https://zielonewiadomosci.pl/tematy/ekologia/prawicowego-populizmu-flirt-z-ekologia/
148,https://zielonewiadomosci.pl/tematy/ekologia/niszczymy-oceany-i-lodowce-szybciej-niz-nam-sie-wydawalo/
149,https://zielonewiadomosci.pl/zw/wydzial-biologii-uniwersytetu-warszawskiego-zobowiazuje-sie-do-przeciwdzialania-kryzysowi-ekologiczno-klimatycznemu/
150,https://zielonewiadomosci.pl/tematy/ekologia/ekologia-przyroda/naukowcy-z-pan-alarmuja-wkrotce-zniknie-75-proc-polskich-lasow/
151,https://zielonewiadomosci.pl/tematy/ekologia/awaria-w-oczyszczalni-sciekow-katastrofa-ekologiczna-czy-blad-systemu/
152,https://zielonewiadomosci.pl/tematy/ekologia/srodowisko-naukowe-apeluje-do-ue-o-odrzucenie-umowy-z-mercosur/
153,https://zielonewiadomosci.pl/zw/hydrotechniczne-trupy-inwestycyjne-zamiast-odpowiedzi-na-katastrofe-klimatyczna/
154,https://zielonewiadomosci.pl/tematy/ekologia/presja-usa-na-deregulacje-nowych-gmo-w-ue/
155,https://zielonewiadomosci.pl/tematy/ekologia/niech-zyja-ptaki/
156,https://zielonewiadomosci.pl/tematy/ekologia/sztuczne-mieso-nastepny-krok-w-historii-zywnosciowego-imperializmu/
157,https://zielonewiadomosci.pl/tematy/ekologia/rowerzysci-posprzataja-mazury/
158,https://zielonewiadomosci.pl/tematy/ekologia/dlaczego-agroekologia/
159,https://zielonewiadomosci.pl/tematy/energetyka/grozi-nam-polsko-czeski-konflikt-w-sprawie-rozbudowy-kopalni-turow/
160,https://zielonewiadomosci.pl/tematy/ekologia/aktywizm-w-obliczu-katastrofalnego-upadku-ekosystemow/
161,https://zielonewiadomosci.pl/tematy/ekologia/przyszlosc-polski-w-roku-2049-z-perspektywy-wsi/
162,https://zielonewiadomosci.pl/tematy/ekologia/dlaczego-utrata-bioroznorodnosci-szkodzi-ludziom-tak-samo-jak-zmiany-klimatu/
163,https://zielonewiadomosci.pl/tematy/rolnictwo/zrownowazona-polityka-rolna-wybor-czy-koniecznosc/
164,https://zielonewiadomosci.pl/tematy/ekologia/polskie-rolnictwo-z-krowa-w-tle/
165,https://zielonewiadomosci.pl/tematy/ekologia/wiecej-rolnikow-lepsza-zywnosc-raport-nyeleni-europe-ws-reformy-wpr/
166,https://zielonewiadomosci.pl/tematy/energetyka/inwestycje-najwiekszych-bankow-w-paliwa-kopalne-wzrosly-w-2018-r-do-654-miliardow-dolarow/
167,https://zielonewiadomosci.pl/tematy/social/polityka-spoleczna-i-zrownowazony-rozwoj/
168,https://zielonewiadomosci.pl/tematy/ekologia/powodzie-i-susze-jak-chronic-ludzi-w-zgodzie-z-natura/
169,https://zielonewiadomosci.pl/tematy/ekologia/ekologia-przyroda/rzady-bolsonaro-morderstwa-indian-aktywistow-i-zamiana-puszczy-w-sawanne/
170,https://zielonewiadomosci.pl/tematy/miasto-2/dekalog-przyrody-miejskiej/
171,https://zielonewiadomosci.pl/tematy/ekologia/cele-zrownowazonego-rozwoju-szansa-dla-europy/
172,https://zielonewiadomosci.pl/tematy/ekologia/kooperatywa-z-perspektywy-aktywistycznej/
173,https://zielonewiadomosci.pl/tematy/energetyka/ponadpartyjny-plan-transformacji-energetycznej-i-ochrony-klimatu-dla-polski-apel-partii-zieloni/
174,https://zielonewiadomosci.pl/zw/seler-i-inne-afrodyzjaki/
175,https://zielonewiadomosci.pl/tematy/ekologia/nowy-rok-nowa-opowiesc-o-polsce/
176,https://zielonewiadomosci.pl/tematy/energetyka/cop-czyli-gra-na-zwloke/
177,https://zielonewiadomosci.pl/tematy/ekologia/rolnicy-z-azji-afryki-i-europy-o-sytuacji-chlopow-w-ich-krajach/
178,https://zielonewiadomosci.pl/tematy/ekologia/nie-badzmy-pesymistami-klimatycznymi/
179,https://zielonewiadomosci.pl/tematy/ekologia/system-produkcji-zywnosci-do-kapitalnego-remontu/
180,https://zielonewiadomosci.pl/tematy/energetyka/co-trzeba-zrobic-zeby-zapobiec-katastrofie/
181,https://zielonewiadomosci.pl/tematy/ekologia/spadamy-w-przepasc/
182,https://zielonewiadomosci.pl/tematy/energetyka/czas-na-dzialanie-aby-zapobiec-ekologicznej-katastrofie-teraz/
183,https://zielonewiadomosci.pl/tematy/energetyka/piec-faktow-o-lasach-i-klimacie/
184,https://zielonewiadomosci.pl/tematy/energetyka/swiat-nie-konczy-sie-na-wielkich-miastach/
185,https://zielonewiadomosci.pl/tematy/energetyka/czy-czysty-wegiel-uratuje-swiat/
186,https://zielonewiadomosci.pl/tematy/ekologia/nowy-klimat-polski/
187,https://zielonewiadomosci.pl/tematy/ekologia/kto-jest-odpowiedzialny-za-zmiany-klimatu/
188,https://zielonewiadomosci.pl/tematy/ekologia/noam-chomsky-denializm-klimatyczny-zagraza-przyszlemu-zyciu-ludzkosci/
189,https://zielonewiadomosci.pl/tematy/ekologia/dylemat-wyceny/
190,https://zielonewiadomosci.pl/tematy/obywatele/pierwsze-dni-rebelii/
191,https://zielonewiadomosci.pl/tematy/ekologia/trzeci-komitet-zgromadzenia-ogolnego-onz-zatwierdzil-deklaracje-praw-chlopow/
192,https://zielonewiadomosci.pl/tematy/ekologia/bezpieczenstwo-glupcze-zieloni-klimat-i-polityka-bezpieczenstwa/
193,https://zielonewiadomosci.pl/tematy/miasto-2/budowanie-fundamentow-progresywnej-zmiany/
194,https://zielonewiadomosci.pl/tematy/ekologia/tysiace-aktywistow-klimatycznych-zablokowalo-5-londynskich-mostow/
195,https://zielonewiadomosci.pl/tematy/energetyka/czy-rzeczywiscie-mamy-czas-i-narzedzia-by-poradzic-sobie-ze-zmianami-klimatu/
196,https://zielonewiadomosci.pl/tematy/energetyka/sezon-dymu/
197,https://zielonewiadomosci.pl/tematy/energetyka/blokada-najwiekszej-w-europie-kopalni-wegla-brunatnego/
198,https://zielonewiadomosci.pl/tematy/ekologia/przekarmione-rzeki-duszacy-sie-baltyk/
199,https://zielonewiadomosci.pl/tematy/feminizm/bank-swiatowy-i-imf-reprezentuja-interesy-agrobiznesu-powinny-odejsc/
200,https://zielonewiadomosci.pl/tematy/ekologia/ratujmy-nasze-gleby/
201,https://zielonewiadomosci.pl/tematy/miasto-2/czas-na-nowa-warszawe/
202,https://zielonewiadomosci.pl/tematy/energetyka/lapacze-snow-w-hambacher-forst/
203,https://zielonewiadomosci.pl/tematy/ekologia/daremnosc-aktywizmu-duzych-zielonych-rozmowa-z-timem-dechristopherem/
204,https://zielonewiadomosci.pl/tematy/feminizm/ziemia-i-wolnosc-kobiety-ratunkiem-dla-indyjskiego-rolnictwa/
205,https://zielonewiadomosci.pl/tematy/ekologia/kooperatywa-kazdy-moze-kazdy-potrafi/
206,https://zielonewiadomosci.pl/tematy/ekologia/gadajac-z-bibim-o-rzece/
207,https://zielonewiadomosci.pl/tematy/ekologia/dobra-zywnosc-dobre-rolnictwo/
208,https://zielonewiadomosci.pl/tematy/ekologia/zagrozone-bezpieczenstwo-zywnosciowe-co-fuzja-bayer-monsanto-oznacza-dla-europy/
209,https://zielonewiadomosci.pl/tematy/ekologia/coz-piekniejszego-niz-wysokie-drzewa/
210,https://zielonewiadomosci.pl/tematy/ekologia/z-perspektywy-rolnika-ekologicznego/
211,https://zielonewiadomosci.pl/tematy/ekologia/decyzja-trybunalu-sprawiedliwosci-ue-ws-nowych-gmo-historyczne-zwyciestwo-chlopow-i-obywateli/
212,https://zielonewiadomosci.pl/tematy/ekologia/zwroty-akcji-na-polskiej-wsi/
213,https://zielonewiadomosci.pl/tematy/ekologia/z-natura-czy-przeciw-niej/
214,https://zielonewiadomosci.pl/tematy/energetyka/kierowcy-musza-spalic-wiecej-lasow-deszczowych-aby-spelnic-cele-ue-dla-oze/
215,https://zielonewiadomosci.pl/zw/polityka-zywnosciowa-dla-europy/
216,https://zielonewiadomosci.pl/tematy/ekologia/minister-rolnictwa-zezwolil-na-uzycie-zabojczych-dla-pszczol-pestycydow/
217,https://zielonewiadomosci.pl/tematy/feminizm/postwzrost-w-europie/
218,https://zielonewiadomosci.pl/tematy/ekologia/apel-european-coordination-via-campesina-do-unii-europejskiej-ws-nowych-gmo/
219,https://zielonewiadomosci.pl/tematy/ekologia/wracamy-do-wspolnego-pastwiska/
220,https://zielonewiadomosci.pl/tematy/ekologia/glifosat-szkodliwy-dla-zdrowia-w-dawkach-uwazanych-za-bezpieczne/
221,https://zielonewiadomosci.pl/tematy/ekologia/gdy-rolnictwo-ekologiczne-sluzy-interesom-korporacji/
222,https://zielonewiadomosci.pl/tematy/neutralosc/napelniajcie-ziemie-i-czyncie-ja-sobie-poddana/
223,https://zielonewiadomosci.pl/tematy/ekologia/zmiana-regul-w-globalnym-handlu/
224,https://zielonewiadomosci.pl/tematy/ekologia/w-strone-deklaracji-praw-chlopow-nota-informacyjna/
225,https://zielonewiadomosci.pl/tematy/ekologia/wyrok-w-sprawie-puszczy-bialowieskiej/
226,https://zielonewiadomosci.pl/tematy/miasto-2/klimat-na-zmiany/
227,https://zielonewiadomosci.pl/tematy/miasto-2/zachem-bydgoska-bomba-ekologiczna/
228,https://zielonewiadomosci.pl/tematy/ekologia/zaproszenie-xiii-festiwal-afrykamera/
229,https://zielonewiadomosci.pl/tematy/ekologia/idziemy-chlopska-droga/
230,https://zielonewiadomosci.pl/tematy/ekologia/rzecznik-trybunalu-sprawiedliwosci-ue-wycinka-w-puszczy-jest-niezgodna-z-prawem/
231,https://zielonewiadomosci.pl/tematy/ekologia/kryzys-klimatyczny-sprawmy-by-2018-stal-sie-rokiem-realizmu/
232,https://zielonewiadomosci.pl/tematy/ekonomia/10-faktow-o-rolnictwie-chlopskim-w-ue/
233,https://zielonewiadomosci.pl/tematy/miasto-2/kolejne-karty-odkryte/
234,https://zielonewiadomosci.pl/tematy/energetyka/co-sie-dzieje-w-kraju-energiewende/
235,https://zielonewiadomosci.pl/tematy/ekologia/walki-chlopskie-dzis/
236,https://zielonewiadomosci.pl/tematy/ekologia/europa-ekologia-przyszlosc/
237,https://zielonewiadomosci.pl/tematy/obywatele/agroekologia-jako-alternatywa-dla-rolnictwa-przyjaznego-dla-klimatu/
238,https://zielonewiadomosci.pl/tematy/energetyka/gornictwo-glebinowe-ryzyko-ktorego-nie-mozemy-podjac/
239,https://zielonewiadomosci.pl/tematy/ekologia/uczmy-sie-widziec-w-ciemnosciach-posrod-katastrofy/
240,https://zielonewiadomosci.pl/tematy/ekologia/spoleczenstwo-obywatelskie-odrzuca-gmo-na-konferencji-fao/
241,https://zielonewiadomosci.pl/tematy/ekologia/dlaczego-wszyscy-potrzebujemy-deklaracji-praw-chlopow/
242,https://zielonewiadomosci.pl/tematy/ekologia/cop23-la-via-campesina-apeluje-o-zmiane-systemu-w-oparciu-o-agroekologie/
243,https://zielonewiadomosci.pl/tematy/ekologia/dramatyczna-kleska-bawelny-gmo-w-indiach/
244,https://zielonewiadomosci.pl/tematy/energetyka/irma-nie-obudzi-republikanow-negujacych-zmiany-klimatu-zagrazaloby-to-calej-ich-ideologii/
245,https://zielonewiadomosci.pl/tematy/ekologia/naukowcy-produkty-nowych-technik-modyfikacji-genetycznej-powinny-podlegac-scislej-kontroli/
246,https://zielonewiadomosci.pl/tematy/ekologia/walka-o-puszcze-bialowieska-ostatni-dziewiczy-las-europy/
247,https://zielonewiadomosci.pl/tematy/ekologia/kryzysy-globalnej-gospodarki/
248,https://zielonewiadomosci.pl/tematy/ekologia/marks-napisal-wiele-kart-zielonym-atramentem/
249,https://zielonewiadomosci.pl/tematy/ekologia/finansjalizacja-to-zmiana-kulturowa/
250,https://zielonewiadomosci.pl/tematy/ekologia/trzy-miesiace-protestow-w-puszczy-bialowieskiej/
251,https://zielonewiadomosci.pl/tematy/ekologia/czy-rynek-i-kapitalizm-uratuja-swiat/
252,https://zielonewiadomosci.pl/tematy/ekologia/obroncy-przyrody-sadzeni-za-ratowanie-puszczy-bialowieskiej/
253,https://zielonewiadomosci.pl/tematy/ekologia/dzien-6-vii-miedzynarodowej-konferencji-la-via-campesina/
254,https://zielonewiadomosci.pl/tematy/ekologia/trybunal-sprawiedliwosci-ue-zakazal-wycinki-w-puszczy-bialowieskiej/
255,https://zielonewiadomosci.pl/tematy/ekologia/od-brexitu-do-lepszej-europy/
256,https://zielonewiadomosci.pl/tematy/rownosc/4-dzien-miedzynarodowej-konferencji-la-via-campesina/
257,https://zielonewiadomosci.pl/tematy/ekologia/3-dzien-vii-miedzynarodowej-konferencji-la-via-campesina/
258,https://zielonewiadomosci.pl/tematy/feminizm/dzien-2-vii-konferencji-la-via-campesina-zgromadzenie-kobiet/
259,https://zielonewiadomosci.pl/tematy/feminizm/otwarcie-vii-swiatowej-konferencji-la-via-campesina-v-kongres-kobiet/
260,https://zielonewiadomosci.pl/tematy/ekologia/polskie-rolniczki-na-vii-miedzynarodowej-konferencji-drobnych-rolnikow-la-via-campesina/
261,https://zielonewiadomosci.pl/tematy/ekologia/komisja-europejska-zlozyla-do-trybunalu-wniosek-o-natychmiastowe-zatrzymanie-ciec-w-puszczy-bialowieskiej/
262,https://zielonewiadomosci.pl/tematy/obywatele/czy-mozna-obronic-polske-we-snie/
263,https://zielonewiadomosci.pl/tematy/ekologia/30-pytan-o-kornika-lesnikow-i-ekologow-w-puszczy-bialowieskiej/
264,https://zielonewiadomosci.pl/tematy/miasto-2/czas-na-spolecznosc-spoleczna-i-solidarna-katalonia/
265,https://zielonewiadomosci.pl/tematy/transport/budowa-drog-wodnych-sprzeczna-z-konstytucja/
266,https://zielonewiadomosci.pl/tematy/ekologia/dzialania-szyszki-pod-lupa-ekspertow-unesco/
267,https://zielonewiadomosci.pl/tematy/ekologia/straz-lesna-nie-wpuszcza-naukowcow-do-puszczy/
268,https://zielonewiadomosci.pl/tematy/ekologia/ostra-krytyka-planow-kanalizowania-polskich-rzek/
269,https://zielonewiadomosci.pl/tematy/energetyka/trump-wypowiada-porozumienie-paryskie/
270,https://zielonewiadomosci.pl/tematy/transport/rzeka-w-miescie-gdzie-jej-szukac-najlatwiej-podczas-powodzi/
271,https://zielonewiadomosci.pl/tematy/obywatele/zatrzymac-lex-szyszko/
272,https://zielonewiadomosci.pl/tematy/ekologia/gaja-zywa-planeta/
273,https://zielonewiadomosci.pl/tematy/miasto-2/warszawa-kapitalizm-grzeje-elity/
274,https://zielonewiadomosci.pl/tematy/miasto-2/smog-ubostwo-energetyczne-i-ramy-dyskusji/
275,https://zielonewiadomosci.pl/tematy/miasto-2/podstawowe-fakty-o-polskim-smogu/
276,https://zielonewiadomosci.pl/tematy/transport/rzeki-pieniedzy/
277,https://zielonewiadomosci.pl/tematy/obywatele/walka-o-to-kto-ma-nakarmic-swiat-dawid-vs-goliat/
278,https://zielonewiadomosci.pl/tematy/ekologia/glifosat-a-decydujaca-batalia-o-niezalezna-nauke/
279,https://zielonewiadomosci.pl/tematy/ekologia/blokady-polowan-i-ich-ekonomiczny-sens/
280,https://zielonewiadomosci.pl/publikacje/artykuly/nassonia-wspolne-i-dzikie/
281,https://zielonewiadomosci.pl/tematy/ekologia/glifosat-i-rak-nauka-na-sprzedaz/
282,https://zielonewiadomosci.pl/tematy/zwierzeta/dobra-zywnosc-dobre-rolnictwo-teraz/
283,https://zielonewiadomosci.pl/tematy/ekologia/nyeleni-polska-wspolpraca-dla-suwerennosci-zywnosciowej/
284,https://zielonewiadomosci.pl/tematy/energetyka/wielka-zmiana/
285,https://zielonewiadomosci.pl/tematy/miasto-2/klimatyczny-egzamin-dla-miast/
286,https://zielonewiadomosci.pl/tematy/ekologia/prawdziwa-twarz-wzrostu/
287,https://zielonewiadomosci.pl/tematy/miasto-2/el-prat-de-llobregat-zielone-miasto-z-lotniskiem/
288,https://zielonewiadomosci.pl/tematy/miasto-2/instytucjonalna-roznorodnosc-na-rzecz-trwalych-spolecznosci/
289,https://zielonewiadomosci.pl/tematy/miasto-2/panstwo-a-dobra-wspolne/
290,https://zielonewiadomosci.pl/tematy/energetyka/protest-w-standing-rock-to-poczatek-czegos-niesamowitego/
291,https://zielonewiadomosci.pl/tematy/ekologia/wilk-i-czlowiek/
292,https://zielonewiadomosci.pl/tematy/miasto-2/nowe-spojrzenie-na-demokracje-i-dobra-wspolne/
293,https://zielonewiadomosci.pl/tematy/ekologia/biogospodarka-nie-jest-magiczna-recepta-na-gospodarke-przyjazna-srodowisku/
294,https://zielonewiadomosci.pl/tematy/ekologia/rewolucja-na-pol-gwizdka/
295,https://zielonewiadomosci.pl/tematy/energetyka/stojac-nad-przepascia-prezydent-trump-zrobi-wielki-krok-na-przod/
296,https://zielonewiadomosci.pl/tematy/miasto-2/kto-chce-czystego-powietrza/
297,https://zielonewiadomosci.pl/tematy/transport/zaplacz-nad-rzeka-polskie-rzeki-zagrozone-dobro-wspolne/
298,https://zielonewiadomosci.pl/tematy/energetyka/cop-22-bogate-panstwa-ignoruja-potrzeby-krajow-najbardziej-zagrozonych-zmianami-klimatu/
299,https://zielonewiadomosci.pl/tematy/ekologia/lekcje-ze-zwyciestwa-donalda-trumpa/
300,https://zielonewiadomosci.pl/tematy/ekologia/wywiad-z-olivierem-de-schutterem-bylym-specjalnym-sprawozdawca-onz-ds-prawa-do-zywnosci/
301,https://zielonewiadomosci.pl/tematy/ekologia/monsanto-przed-trybunalem-ludowym-za-zbrodnie-przeciwko-planecie-i-ludzkosci/
302,https://zielonewiadomosci.pl/tematy/social/zombie-zwany-isds/
303,https://zielonewiadomosci.pl/tematy/energetyka/zielona-gospodarka-od-srodka-refleksje-w-dziewieciu-tezach/
304,https://zielonewiadomosci.pl/tematy/ekologia/kanadyjczycy-ostrzegaja-przed-umowa-ceta/
305,https://zielonewiadomosci.pl/tematy/miasto-2/lokalnie-dla-klimatu/
306,https://zielonewiadomosci.pl/tematy/ekologia/bobry-pod-ostrzalem-negatywne-propozycje-zmian-w-ustawie-o-ochronie-przyrody/
307,https://zielonewiadomosci.pl/tematy/ekologia/hugo-conwentz-czyli-historia-prymatu-dobra-wspolnego-nad-interesem-indywidualnym/
308,https://zielonewiadomosci.pl/tematy/miasto-2/list-otwarty-w-obronie-radykalnych-ogrodkow-dzialkowych-w-warszawie/
309,https://zielonewiadomosci.pl/tematy/ekologia/francja-zada-zerwania-negocjacji-ttip-a-co-z-ceta/
310,https://zielonewiadomosci.pl/tematy/kultura/zmiana-systemu-moze-byc-blizej-niz-nam-sie-wydaje/
311,https://zielonewiadomosci.pl/tematy/kultura/najwieksze-niebezpieczenstwo/
312,https://zielonewiadomosci.pl/tematy/ekologia/o-mitycznym-zlotym-ryzu-gmo-greenpeace-i-liscie-noblistow/
313,https://zielonewiadomosci.pl/tematy/energetyka/przecieki-z-ttip-unia-europejska-kontra-ochrona-klimatu/
314,https://zielonewiadomosci.pl/tematy/ekologia/komisja-europejska-przedluza-zezwolenie-na-stosowanie-glifosatu/
315,https://zielonewiadomosci.pl/tematy/energetyka/niemal-50-oleju-palmowego-w-europie-jest-spalana-przez-pojazdy/
316,https://zielonewiadomosci.pl/tematy/miasto-2/bliska-przyszlosc-miast/
317,https://zielonewiadomosci.pl/tematy/ekologia/ocean-od-kolonii-do-globalnego-narodu-cz-ii/
318,https://zielonewiadomosci.pl/tematy/ekologia/ocean-od-kolonii-do-globalnego-narodu-cz-i/
319,https://zielonewiadomosci.pl/tematy/energetyka/najwieksze-banki-pompuja-setki-miliardow-w-najbrudniejsze-paliwa-kopalne/
320,https://zielonewiadomosci.pl/tematy/energetyka/konfrontujac-sie-z-rzeczywistoscia/
321,https://zielonewiadomosci.pl/tematy/rownosc/podazajac-sladami-gandhiego-wywiad-z-vandana-shiva/
322,https://zielonewiadomosci.pl/tematy/ekologia/virunga/
323,https://zielonewiadomosci.pl/tematy/ekologia/thich-nhat-hanh-za-100-lat-na-ziemi-moze-nie-byc-juz-ludzi/
324,https://zielonewiadomosci.pl/tematy/ekologia/palma-we-krwi/
325,https://zielonewiadomosci.pl/tematy/energetyka/polska-zaskarzona-do-europejskiego-trybunalu-sprawiedliwosci-z-powodu-gazu-lupkowego/
326,https://zielonewiadomosci.pl/tematy/energetyka/noaa-marzec-kolejnym-najcieplejszym-miesiacem-w-historii-pomiarow/
327,https://zielonewiadomosci.pl/tematy/ekologia/pomoz-otworzyc-nowy-sklep-kooperatywy-dobrze/
328,https://zielonewiadomosci.pl/tematy/energetyka/fakty-i-mity-o-wiatrakach-2/
329,https://zielonewiadomosci.pl/tematy/ekologia/miedzynarodowy-dzien-walk-chlopskich-2016-swietowanie-opor-i-zaloba/
330,https://zielonewiadomosci.pl/tematy/ekologia/zmiany-klimatyczne-i-polityka/
331,https://zielonewiadomosci.pl/tematy/ekologia/europejscy-zieloni-proces-oceny-gmo-w-ue-jest-wadliwy/
332,https://zielonewiadomosci.pl/tematy/ekologia/spor-o-przyszlosc-puszczy-bialowieskiej-mity-i-fakty/
333,https://zielonewiadomosci.pl/tematy/ekologia/7-powodow-dla-ktorych-nalezy-zabronic-glifosatu/
334,https://zielonewiadomosci.pl/tematy/ekologia/decyzja-o-przedluzeniu-zezwolenia-na-uzywanie-glifosatu-w-ue-odroczona/
335,https://zielonewiadomosci.pl/tematy/ekologia/katastrofy-naturalne-a-korupcja-systemow-spolecznych/
336,https://zielonewiadomosci.pl/tematy/feminizm/deklaracja-miedzynarodowego-forum-na-rzecz-agroekologii-nyeleni-2015/
337,https://zielonewiadomosci.pl/tematy/ekologia/90-ptakow-morskich-ma-w-jelitach-plastik/
338,https://zielonewiadomosci.pl/tematy/energetyka/klimat-a-dobra-wspolne/
339,https://zielonewiadomosci.pl/tematy/ekologia/gmo-zagrozenia-dla-gatunkow-i-ekosystemow/
340,https://zielonewiadomosci.pl/tematy/ekologia/niemcy-przeciw-ttip/
341,https://zielonewiadomosci.pl/tematy/energetyka/o-polskim-weglu/
342,https://zielonewiadomosci.pl/tematy/ekologia/od-zielonej-gospodarki-do-ozywienia-cz-ii/
343,https://zielonewiadomosci.pl/tematy/obywatele/zmiany-klimatyczne-od-postrzegania-do-dzialania/
344,https://zielonewiadomosci.pl/tematy/energetyka/od-zielonej-gospodarki-do-ozywienia-cz-i/
345,https://zielonewiadomosci.pl/tematy/obywatele/stworzona-przez-i-pod-wielki-biznes-ttip-pod-ostrzalem-w-calej-europie/
346,https://zielonewiadomosci.pl/tematy/energetyka/ekologia-i-ekonomia-nieszczesliwe-malzenstwo/
347,https://zielonewiadomosci.pl/tematy/ekologia/ocieplenie-oceanow-dramatycznie-przyspiesza/
348,https://zielonewiadomosci.pl/tematy/obywatele/jeszcze-puszcza-nie-zginela-marsz-entow-w-obronie-puszczy-bialowieskiej/
349,https://zielonewiadomosci.pl/tematy/ekologia/jedzenie-jest-modne-rolnicy-mniej/
350,https://zielonewiadomosci.pl/tematy/ekologia/gleboki-zal-jak-poradzic-sobie-ze-strata-naszego-swiata/
351,https://zielonewiadomosci.pl/tematy/ekologia/zmiany-klimatu-arktyka/
352,https://zielonewiadomosci.pl/tematy/ekologia/zarzadzanie-energia-zawod-przyszlosci/
353,https://zielonewiadomosci.pl/tematy/ekologia/o-co-chodzi-polskim-rolnikom/
354,https://zielonewiadomosci.pl/tematy/energetyka/cop21-epicka-porazka-na-skale-planetarna/
355,https://zielonewiadomosci.pl/tematy/miasto-2/miasta-walcza-o-klimat/
356,https://zielonewiadomosci.pl/tematy/zwierzeta/przyroda-a-zmiany-klimatu-kto-winien-kto-traci/
357,https://zielonewiadomosci.pl/tematy/ekologia/zmiany-klimatu-czy-jest-gorzej-niz-sie-spodziewalismy/
358,https://zielonewiadomosci.pl/tematy/energetyka/polska-sosna-a-neutralnosc-weglowa/
359,https://zielonewiadomosci.pl/tematy/energetyka/rolnictwo-i-zywnosc-a-zmiana-klimatu/
360,https://zielonewiadomosci.pl/tematy/ekologia/agroturystyka-dla-przyjaciol-wsi/
361,https://zielonewiadomosci.pl/tematy/energetyka/od-zrownowazonego-rozwoju-do-postwzrostu/
362,https://zielonewiadomosci.pl/tematy/ekologia/10-pomyslow-na-zycie-bez-wzrostu/
363,https://zielonewiadomosci.pl/tematy/energetyka/oxfam-najbogatsi-glownymi-emitentami-co2-kosztem-najbiedniejszych/
364,https://zielonewiadomosci.pl/tematy/miasto-2/zielone-miasto-w-praktyce/
365,https://zielonewiadomosci.pl/tematy/miasto-2/tworzyc-i-uzywac/
366,https://zielonewiadomosci.pl/tematy/rownosc/mierzyc-co-trzeba/
367,https://zielonewiadomosci.pl/tematy/miasto-2/odsluch-kontrolowany/
368,https://zielonewiadomosci.pl/tematy/zwierzeta/ludzie-zwierzeta-i-kurczaca-sie-planeta/
369,https://zielonewiadomosci.pl/tematy/energetyka/zielone-miejsca-pracy-nad-wisla/
370,https://zielonewiadomosci.pl/tematy/miasto-2/zielona-architektura-w-praktyce/
371,https://zielonewiadomosci.pl/tematy/energetyka/cieplo-zdrowo-zielono/
372,https://zielonewiadomosci.pl/tematy/energetyka/slonce-dla-szkol/
373,https://zielonewiadomosci.pl/tematy/miasto-2/biznes-po-zielonej-stronie-mocy/
374,https://zielonewiadomosci.pl/tematy/ekologia/dlaczego-bac-sie-gmo/
375,https://zielonewiadomosci.pl/tematy/ekologia/wsluchujac-sie-w-glos-sadu/
376,https://zielonewiadomosci.pl/tematy/ekologia/nasiona-dobro-wspolne-czy-wlasnosc-korporacji/
377,https://zielonewiadomosci.pl/tematy/kultura/klimat-i-metafory-o-jezyku-papieza-franciszka/
378,https://zielonewiadomosci.pl/tematy/energetyka/nie-taki-slask-czarny-jakim-go-maluja/
